{"is_source_file": false, "format": "", "description": "", "external_files": [], "external_methods": [], "published": [], "classes": [], "methods": [], "calls": [], "search-terms": [], "state": 2, "file_id": 35, "knowledge_revision": 88, "git_revision": "f457230f5b1bc0232f04b96a2d6e60b6caa27423", "hash": "0f78a4da178acaaf282665fc42b52faa", "format-version": 4, "code-base-name": "stock_check_frontend", "filename": "COMMIT_STATUS.md", "revision_history": [{"88": "f457230f5b1bc0232f04b96a2d6e60b6caa27423"}]}