{"is_source_file": false, "format": "", "description": "", "external_files": [], "external_methods": [], "published": [], "classes": [], "methods": [], "calls": [], "search-terms": [], "state": 2, "file_id": 1, "knowledge_revision": 17, "git_revision": "5092693dc3a98484cedf15c01548a6a20945ec9e", "hash": "aa0145fb88f766e49b3adff3d06ba612", "format-version": 4, "code-base-name": "stock_check_frontend", "filename": "README.md", "revision_history": [{"17": "5092693dc3a98484cedf15c01548a6a20945ec9e"}]}