{"is_source_file": false, "format": "", "description": "", "external_files": [], "external_methods": [], "published": [], "classes": [], "methods": [], "calls": [], "search-terms": [], "state": 2, "file_id": 2, "knowledge_revision": 28, "git_revision": "ae58afa593c23c75f95bd828b04ba1c46906e085", "hash": "e0f288b23be2b03cbbcb93d09ede5a41", "format-version": 4, "code-base-name": "stock_check_frontend", "filename": "stock_check_frontend/src/index.css", "revision_history": [{"28": "ae58afa593c23c75f95bd828b04ba1c46906e085"}]}