{"is_source_file": false, "format": "", "description": "", "external_files": [], "external_methods": [], "published": [], "classes": [], "methods": [], "calls": [], "search-terms": [], "state": 2, "file_id": 12, "knowledge_revision": 22, "git_revision": "ae58afa593c23c75f95bd828b04ba1c46906e085", "hash": "be6538e7523bc2e9da0743133d784136", "format-version": 4, "code-base-name": "stock_check_frontend", "filename": "stock_check_frontend/eslint.config.mjs", "revision_history": [{"22": "ae58afa593c23c75f95bd828b04ba1c46906e085"}]}