{"is_source_file": true, "format": "JavaScript", "description": "This file defines a set of normalized factors used for stock analysis, including utility functions for normalization, the factors with their weights and definitions, and functions to compute normalized factors from input data and to score predicted growth percentage based on these factors.", "external_files": [], "external_methods": [], "published": ["computeNormalizedFactorsFromInputs", "scorePredictedGrowthPct", "FACTORS_V12", "FACTOR_WEIGHTS_TOTAL"], "classes": [], "methods": [{"name": "clamp(n, lo, hi)", "description": "Clamps a number n between lo and hi.", "scope": "", "scopeKind": ""}, {"name": "norm01(value, min, max)", "description": "Normalizes a value to the range [0..1] with clamping, considering an invalid range as neutral 0.5.", "scope": "", "scopeKind": ""}, {"name": "normCentered(value, minAbs, maxAbs)", "description": "Maps a value within [-maxAbs..maxAbs] to [0..1], with 0 as neutral 0.5, using normalization.", "scope": "", "scopeKind": ""}, {"name": "computeNormalizedFactorsFromInputs(inputs)", "description": "Converts raw input data into a normalized factors object with values scaled between 0 and 1.", "scope": "", "scopeKind": ""}, {"name": "scorePredictedGrowthPct(normalizedFactors)", "description": "Calculates a predicted growth percentage based on weighted normalized factors, centered around a small negative to positive percent range.", "scope": "", "scopeKind": ""}], "calls": ["clamp", "norm01", "normCentered"], "search-terms": ["factors", "normalization", "stock", "score", "growth", "weighted", "percent", "variance", "momentum", "volatility", "sector", "flow", "options", "macro"], "state": 2, "file_id": 24, "knowledge_revision": 62, "git_revision": "28426dcf383e033597d2bfc52662f5441012a463", "ctags": [{"_type": "tag", "name": "FACTORS_V12", "path": "/home/kavia/workspace/code-generation/inventory-tracker-239617-239632/stock_check_frontend/src/utils/factors.js", "pattern": "/^export const FACTORS_V12 = [$/", "language": "JavaScript", "kind": "constant"}, {"_type": "tag", "name": "FACTOR_WEIGHTS_TOTAL", "path": "/home/kavia/workspace/code-generation/inventory-tracker-239617-239632/stock_check_frontend/src/utils/factors.js", "pattern": "/^export const FACTOR_WEIGHTS_TOTAL = FACTORS_V12.reduce((s, f) => s + f.weightPct, 0);$/", "language": "JavaScript", "kind": "constant"}, {"_type": "tag", "name": "clamp", "path": "/home/kavia/workspace/code-generation/inventory-tracker-239617-239632/stock_check_frontend/src/utils/factors.js", "pattern": "/^function clamp(n, lo, hi) {$/", "language": "JavaScript", "kind": "function", "signature": "(n, lo, hi)"}, {"_type": "tag", "name": "computeNormalizedFactorsFromInputs", "path": "/home/kavia/workspace/code-generation/inventory-tracker-239617-239632/stock_check_frontend/src/utils/factors.js", "pattern": "/^export function computeNormalizedFactorsFromInputs(inputs) {$/", "language": "JavaScript", "kind": "function", "signature": "(inputs)"}, {"_type": "tag", "name": "norm01", "path": "/home/kavia/workspace/code-generation/inventory-tracker-239617-239632/stock_check_frontend/src/utils/factors.js", "pattern": "/^function norm01(value, min, max) {$/", "language": "JavaScript", "kind": "function", "signature": "(value, min, max)"}, {"_type": "tag", "name": "normCentered", "path": "/home/kavia/workspace/code-generation/inventory-tracker-239617-239632/stock_check_frontend/src/utils/factors.js", "pattern": "/^function normCentered(value, minAbs, maxAbs) {$/", "language": "JavaScript", "kind": "function", "signature": "(value, minAbs, maxAbs)"}, {"_type": "tag", "name": "scorePredictedGrowthPct", "path": "/home/kavia/workspace/code-generation/inventory-tracker-239617-239632/stock_check_frontend/src/utils/factors.js", "pattern": "/^export function scorePredictedGrowthPct(normalizedFactors) {$/", "language": "JavaScript", "kind": "function", "signature": "(normalizedFactors)"}], "hash": "135204ad3b564a596487349e96e300ea", "format-version": 4, "code-base-name": "stock_check_frontend", "filename": "stock_check_frontend/src/utils/factors.js", "revision_history": [{"62": "28426dcf383e033597d2bfc52662f5441012a463"}]}