{"is_source_file": true, "format": "JavaScript (React JSX)", "description": "This file defines the React component 'AlertsPage', which displays a list of alerts related to inventory items, provides quick editing functionality, and explains alert rules.", "external_files": ["../utils/inventory", "../components/ui/Modal", "../components/inventory/InventoryForm"], "external_methods": ["buildAlerts"], "published": ["AlertsPage"], "classes": [], "methods": [{"name": "AlertsPage({ items, onUpdate })", "description": "React functional component displaying alerts, allowing quick edits and providing alert rules info.", "scope": "", "scopeKind": ""}], "calls": ["buildAlerts", "useMemo", "useState", "itemById.get", "setEditItem", "onUpdate?.", "InventoryForm", "Modal"], "search-terms": ["AlertsPage", "buildAlerts", "inventory", "inventory forms", "alerts display", "quick edit inventory item", "React inventory alerts"], "state": 2, "file_id": 22, "knowledge_revision": 48, "git_revision": "6def082fede59928bde2066d2a1cecd4074783ed", "ctags": [{"_type": "tag", "name": "AlertsPage", "path": "/home/kavia/workspace/code-generation/inventory-tracker-239617-239632/stock_check_frontend/src/pages/AlertsPage.js", "pattern": "/^export function AlertsPage({ items, onUpdate }) {$/", "language": "JavaScript", "kind": "function", "signature": "({ items, onUpdate })"}], "hash": "f4f8f0701884df4bce5cab8d39b9d09c", "format-version": 4, "code-base-name": "stock_check_frontend", "filename": "stock_check_frontend/src/pages/AlertsPage.js", "revision_history": [{"48": "6def082fede59928bde2066d2a1cecd4074783ed"}]}