{"is_source_file": false, "format": "", "description": "", "external_files": [], "external_methods": [], "published": [], "classes": [], "methods": [], "calls": [], "search-terms": [], "state": 2, "file_id": 10, "knowledge_revision": 26, "git_revision": "ae58afa593c23c75f95bd828b04ba1c46906e085", "hash": "d1f83b7aea0f420023894b30be2711da", "format-version": 4, "code-base-name": "stock_check_frontend", "filename": "stock_check_frontend/package.json", "revision_history": [{"26": "ae58afa593c23c75f95bd828b04ba1c46906e085"}]}