{"is_source_file": true, "format": "JavaScript", "description": "This file contains utility functions and constants for fetching, validating, and processing live stock market data from Alpha Vantage API. It includes methods for data validation, error handling, logging, and computing trailing returns, tailored for a React frontend environment.", "external_files": ["fetch"], "external_methods": ["fetch"], "published": ["fetchLiveUniverse"], "classes": [], "methods": ["validateLiveUniverseRows", "throwAlphaVantageError", "logLiveFetch", "fetchJson", "asNum", "yyyyMmDdToDate", "sortDatesDesc", "computeTrailingReturnPct", "fetchDailyAdjustedSeries", "buildNeutralFactorInputs"], "calls": ["fetch", "JSON.parse", "Number", "Number.isFinite", "Array.isArray", "Object.keys", "Date", "console.info", "String.split", "Number.prototype.toFixed", "process.env.REACT_APP_ALPHAVANTAGE_API_KEY"], "search-terms": ["liveData.js", "Alpha Vantage", "validateLiveUniverseRows", "computeTrailingReturnPct", "fetchDailyAdjustedSeries", "fetchLiveUniverse", "error handling", "trailing returns", "stock data fetch"], "state": 2, "file_id": 26, "knowledge_revision": 64, "git_revision": "28426dcf383e033597d2bfc52662f5441012a463", "revision_history": [{"64": "28426dcf383e033597d2bfc52662f5441012a463"}], "ctags": [{"_type": "tag", "name": "AV_BASE", "path": "/home/kavia/workspace/code-generation/inventory-tracker-239617-239632/stock_check_frontend/src/utils/liveData.js", "pattern": "/^const AV_BASE = \"https:\\/\\/www.alphavantage.co\\/query\";$/", "language": "JavaScript", "kind": "constant"}, {"_type": "tag", "name": "DEFAULT_LIVE_TICKERS", "path": "/home/kavia/workspace/code-generation/inventory-tracker-239617-239632/stock_check_frontend/src/utils/liveData.js", "pattern": "/^const DEFAULT_LIVE_TICKERS = [\"AAPL\", \"MSFT\", \"AMZN\", \"GOOGL\", \"META\", \"TSLA\", \"NVDA\", \"JPM\", \"U/", "language": "JavaScript", "kind": "constant"}, {"_type": "tag", "name": "asNum", "path": "/home/kavia/workspace/code-generation/inventory-tracker-239617-239632/stock_check_frontend/src/utils/liveData.js", "pattern": "/^function asNum(x) {$/", "language": "JavaScript", "kind": "function", "signature": "(x)"}, {"_type": "tag", "name": "buildNeutralFactorInputs", "path": "/home/kavia/workspace/code-generation/inventory-tracker-239617-239632/stock_check_frontend/src/utils/liveData.js", "pattern": "/^function buildNeutralFactorInputs() {$/", "language": "JavaScript", "kind": "function", "signature": "()"}, {"_type": "tag", "name": "computeTrailingReturnPct", "path": "/home/kavia/workspace/code-generation/inventory-tracker-239617-239632/stock_check_frontend/src/utils/liveData.js", "pattern": "/^function computeTrailingReturnPct({ sortedDatesDesc, series, latestClose, months }) {$/", "language": "JavaScript", "kind": "function", "signature": "({ sortedDatesDesc, series, latestClose, months })"}, {"_type": "tag", "name": "fetchDailyAdjustedSeries", "path": "/home/kavia/workspace/code-generation/inventory-tracker-239617-239632/stock_check_frontend/src/utils/liveData.js", "pattern": "/^async function fetchDailyAdjustedSeries({ apiKey, ticker }) {$/", "language": "JavaScript", "kind": "function", "signature": "({ apiKey, ticker })"}, {"_type": "tag", "name": "fetchJson", "path": "/home/kavia/workspace/code-generation/inventory-tracker-239617-239632/stock_check_frontend/src/utils/liveData.js", "pattern": "/^async function fetchJson(url) {$/", "language": "JavaScript", "kind": "function", "signature": "(url)"}, {"_type": "tag", "name": "fetchLiveUniverse", "path": "/home/kavia/workspace/code-generation/inventory-tracker-239617-239632/stock_check_frontend/src/utils/liveData.js", "pattern": "/^export async function fetchLiveUniverse({ config } = {}) {$/", "language": "JavaScript", "kind": "function", "signature": "({ config } = {})"}, {"_type": "tag", "name": "logLiveFetch", "path": "/home/kavia/workspace/code-generation/inventory-tracker-239617-239632/stock_check_frontend/src/utils/liveData.js", "pattern": "/^function logLiveFetch({ source, ticker, at, detail }) {$/", "language": "JavaScript", "kind": "function", "signature": "({ source, ticker, at, detail })"}, {"_type": "tag", "name": "sortDatesDesc", "path": "/home/kavia/workspace/code-generation/inventory-tracker-239617-239632/stock_check_frontend/src/utils/liveData.js", "pattern": "/^function sortDatesDesc(keys) {$/", "language": "JavaScript", "kind": "function", "signature": "(keys)"}, {"_type": "tag", "name": "throwAlphaVantageError", "path": "/home/kavia/workspace/code-generation/inventory-tracker-239617-239632/stock_check_frontend/src/utils/liveData.js", "pattern": "/^function throwAlphaVantageError({ ticker, json }) {$/", "language": "JavaScript", "kind": "function", "signature": "({ ticker, json })"}, {"_type": "tag", "name": "validateLiveUniverseRows", "path": "/home/kavia/workspace/code-generation/inventory-tracker-239617-239632/stock_check_frontend/src/utils/liveData.js", "pattern": "/^function validateLiveUniverseRows(rows) {$/", "language": "JavaScript", "kind": "function", "signature": "(rows)"}, {"_type": "tag", "name": "yyyyMmDdToDate", "path": "/home/kavia/workspace/code-generation/inventory-tracker-239617-239632/stock_check_frontend/src/utils/liveData.js", "pattern": "/^function yyyyMmDdToDate(s) {$/", "language": "JavaScript", "kind": "function", "signature": "(s)"}], "hash": "af99ab85dce09b23f598d70eb3ee81a6", "format-version": 4, "code-base-name": "stock_check_frontend", "filename": "stock_check_frontend/src/utils/liveData.js"}