{"is_source_file": true, "format": "JavaScript", "description": "This file sets up routing for a React application using React Router v6, including configurations for browser and memory routers with future flags for React Router v7 compatibility.", "external_files": ["react", "react-router-dom", "./App"], "external_methods": ["createBrowserRouter", "createMemoryRouter"], "published": ["createAppRouter", "createAppMemoryRouter"], "classes": [], "methods": [{"name": "createAppRouter()", "description": "Creates and returns a React Router BrowserRouter configured with future flags for React Router v7.", "scope": "", "scopeKind": ""}, {"name": "createAppMemoryRouter( routes, { initialEntries = [\"/\"], initialIndex, hydrationData } = {} )", "description": "Creates and returns a React Router MemoryRouter with react-router options and the v7 future flags enabled.", "scope": "", "scopeKind": ""}], "calls": ["createBrowserRouter", "createMemoryRouter"], "search-terms": ["react-router setup", "router configuration", "React Router v7 options", "browser router", "memory router"], "state": 2, "file_id": 34, "knowledge_revision": 83, "git_revision": "e30c5b71e9c5470ed425853d46842154c79365a6", "revision_history": [{"82": "e30c5b71e9c5470ed425853d46842154c79365a6"}, {"83": "e30c5b71e9c5470ed425853d46842154c79365a6"}], "ctags": [{"_type": "tag", "name": "ROUTER_FUTURE_FLAGS", "path": "/home/kavia/workspace/code-generation/inventory-tracker-239617-239632/stock_check_frontend/src/router.js", "pattern": "/^const ROUTER_FUTURE_FLAGS = {$/", "language": "JavaScript", "kind": "class"}, {"_type": "tag", "name": "createAppMemoryRouter", "path": "/home/kavia/workspace/code-generation/inventory-tracker-239617-239632/stock_check_frontend/src/router.js", "pattern": "/^export function createAppMemoryRouter($/", "language": "JavaScript", "kind": "function", "signature": "( routes, { initialEntries = [\"/\"], initialIndex, hydrationData } = {} )"}, {"_type": "tag", "name": "createAppRouter", "path": "/home/kavia/workspace/code-generation/inventory-tracker-239617-239632/stock_check_frontend/src/router.js", "pattern": "/^export function createAppRouter() {$/", "language": "JavaScript", "kind": "function", "signature": "()"}, {"_type": "tag", "name": "v7_relativeSplatPath", "path": "/home/kavia/workspace/code-generation/inventory-tracker-239617-239632/stock_check_frontend/src/router.js", "pattern": "/^  v7_relativeSplatPath: true,$/", "language": "JavaScript", "kind": "property", "scope": "ROUTER_FUTURE_FLAGS", "scopeKind": "class"}, {"_type": "tag", "name": "v7_startTransition", "path": "/home/kavia/workspace/code-generation/inventory-tracker-239617-239632/stock_check_frontend/src/router.js", "pattern": "/^  v7_startTransition: true,$/", "language": "JavaScript", "kind": "property", "scope": "ROUTER_FUTURE_FLAGS", "scopeKind": "class"}], "hash": "8232cde6a56893b9f4fe1a033a01574e", "format-version": 4, "code-base-name": "stock_check_frontend", "filename": "stock_check_frontend/src/router.js", "fields": [{"name": "v7_relativeSplatPath: true,", "scope": "ROUTER_FUTURE_FLAGS", "scopeKind": "class", "description": "unavailable"}, {"name": "v7_startTransition: true,", "scope": "ROUTER_FUTURE_FLAGS", "scopeKind": "class", "description": "unavailable"}]}