{"is_source_file": true, "format": "JavaScript", "description": "This file contains setup code for testing using Jest in a React project, specifically configuring custom DOM matchers and filtering known React Router warnings during test execution.", "external_files": ["@testing-library/jest-dom"], "external_methods": ["console.warn", "console.warn =", "console.warn(...args)", "ORIGINAL_WARN"], "published": [], "classes": [], "methods": [{"name": "shouldFilterReactRouterFutureWarning(firstArg)", "description": "Function that filters specific React Router v7 future flag warnings from console output during tests.", "scope": "", "scopeKind": ""}], "calls": ["beforeAll", "afterAll", "shouldFilterReactRouterFutureWarning", "console.warn"], "search-terms": ["jest-dom", "React Router warning filter", "console.warn patch", "test setup"], "state": 2, "file_id": 5, "knowledge_revision": 85, "git_revision": "ae58afa593c23c75f95bd828b04ba1c46906e085", "ctags": [{"_type": "tag", "name": "ORIGINAL_WARN", "path": "/home/kavia/workspace/code-generation/inventory-tracker-239617-239632/stock_check_frontend/src/setupTests.js", "pattern": "/^const ORIGINAL_WARN = console.warn;$/", "language": "JavaScript", "kind": "constant"}, {"_type": "tag", "name": "shouldFilterReactRouterFutureWarning", "path": "/home/kavia/workspace/code-generation/inventory-tracker-239617-239632/stock_check_frontend/src/setupTests.js", "pattern": "/^function shouldFilterReactRouterFutureWarning(firstArg) {$/", "language": "JavaScript", "kind": "function", "signature": "(firstArg)"}], "hash": "988417eb52ce4503b4ce0faaa1ad76af", "format-version": 4, "code-base-name": "stock_check_frontend", "filename": "stock_check_frontend/src/setupTests.js", "revision_history": [{"85": "ae58afa593c23c75f95bd828b04ba1c46906e085"}]}