{"is_source_file": true, "format": "JavaScript (React JSX)", "description": "This file defines a React functional component called FactorsPage that renders a page displaying factor definitions, weights, and their grouping in a structured manner. It imports external constants and uses memoization for rendering sections dynamically based on imported data.", "external_files": ["../utils/factors"], "external_methods": ["FACTORS_V12.filter", "FACTOR_WEIGHTS_TOTAL.toFixed"], "published": ["FactorsPage"], "classes": [], "methods": [{"name": "FactorsPage()", "description": "React functional component that displays a categorized list of factors with definitions and weights.", "scope": "", "scopeKind": ""}], "calls": ["React.useMemo", "FACTORS_V12.filter", "FACTOR_WEIGHTS_TOTAL.toFixed"], "search-terms": ["FactorsPage", "factor definitions", "factor weights", "React", "useMemo", "FACTORS_V12", "FACTOR_WEIGHTS_TOTAL", "FactorsPage rendering", "factor grouping"], "state": 2, "file_id": 30, "knowledge_revision": 68, "git_revision": "28426dcf383e033597d2bfc52662f5441012a463", "ctags": [{"_type": "tag", "name": "FactorsPage", "path": "/home/kavia/workspace/code-generation/inventory-tracker-239617-239632/stock_check_frontend/src/pages/FactorsPage.js", "pattern": "/^export function FactorsPage() {$/", "language": "JavaScript", "kind": "function", "signature": "()"}], "hash": "36b4759b7eb70f9394ee430a12f3a346", "format-version": 4, "code-base-name": "stock_check_frontend", "filename": "stock_check_frontend/src/pages/FactorsPage.js", "revision_history": [{"68": "28426dcf383e033597d2bfc52662f5441012a463"}]}