{"is_source_file": true, "format": "JavaScript", "description": "This file is the main React component for the Stock Check frontend application. It sets up routing, app state management, and UI elements, including the main App component and related functions.", "external_files": ["./components/ui/Toasts", "./pages/RunnerPage", "./pages/FactorsPage", "./pages/OutputPage", "./pages/DiagnosticsPage", "./utils/storage", "./utils/model", "./App.css"], "external_methods": ["loadAppState", "saveAppState", "validateConfig", "runModel", "useToasts", "usePersistedState"], "published": ["App", "AppRoutes"], "classes": [], "methods": [{"name": "pillDotClass(isOk)", "description": "Returns the CSS class for the status indicator based on the OK state.", "scope": "", "scopeKind": ""}, {"name": "todayISO()", "description": "Returns the current date in ISO format (YYYY-MM-DD).", "scope": "", "scopeKind": ""}, {"name": "addBusinessDayISO(dateISO, offsetDays)", "description": "Calculates and returns a new date string by adding a specified number of days to a given ISO date string.", "scope": "", "scopeKind": ""}, {"name": "usePersistedState()", "description": "Custom hook that manages persisted application state, saving it to storage whenever it changes.", "scope": "", "scopeKind": ""}, {"name": "AppRoutes()", "description": "Main routing component that sets up different pages, handles model runs, and manages application state.", "scope": "", "scopeKind": ""}, {"name": "App()", "scope": "", "scopeKind": "", "description": "unavailable"}, {"name": "handleRun()", "scope": "AppRoutes", "scopeKind": "function", "description": "unavailable"}], "calls": ["loadAppState", "saveAppState", "validateConfig", "runModel", "useToasts", "usePersistedState", "push", "setAppState", "setLastRun"], "search-terms": ["Stock Check v1.2", "runModel", "AppRoutes", "persisted state", "configIssues", "MOCK", "runModel", "ReactRouter", "loader", "React"], "state": 2, "file_id": 4, "knowledge_revision": 76, "git_revision": "28426dcf383e033597d2bfc52662f5441012a463", "revision_history": [{"20": "ae58afa593c23c75f95bd828b04ba1c46906e085"}, {"49": "ae58afa593c23c75f95bd828b04ba1c46906e085"}, {"76": "28426dcf383e033597d2bfc52662f5441012a463"}], "ctags": [{"_type": "tag", "name": "App", "path": "/home/kavia/workspace/code-generation/inventory-tracker-239617-239632/stock_check_frontend/src/App.js", "pattern": "/^export default function App() {$/", "language": "JavaScript", "kind": "function", "signature": "()"}, {"_type": "tag", "name": "AppRoutes", "path": "/home/kavia/workspace/code-generation/inventory-tracker-239617-239632/stock_check_frontend/src/App.js", "pattern": "/^export function AppRoutes() {$/", "language": "JavaScript", "kind": "function", "signature": "()"}, {"_type": "tag", "name": "addBusinessDayISO", "path": "/home/kavia/workspace/code-generation/inventory-tracker-239617-239632/stock_check_frontend/src/App.js", "pattern": "/^function addBusinessDayISO(dateISO, offsetDays) {$/", "language": "JavaScript", "kind": "function", "signature": "(dateISO, offsetDays)"}, {"_type": "tag", "name": "handleRun", "path": "/home/kavia/workspace/code-generation/inventory-tracker-239617-239632/stock_check_frontend/src/App.js", "pattern": "/^              onClick={handleRun}$/", "language": "JavaScript", "kind": "field", "scope": "AppRoutes.onClick", "scopeKind": "class"}, {"_type": "tag", "name": "handleRun", "path": "/home/kavia/workspace/code-generation/inventory-tracker-239617-239632/stock_check_frontend/src/App.js", "pattern": "/^  async function handleRun() {$/", "language": "JavaScript", "kind": "function", "signature": "()", "scope": "AppRoutes", "scopeKind": "function"}, {"_type": "tag", "name": "lastRun", "path": "/home/kavia/workspace/code-generation/inventory-tracker-239617-239632/stock_check_frontend/src/App.js", "pattern": "/^            <Route path=\"\\/output\" element={<OutputPage lastRun={lastRun} \\/>} \\/>$/", "language": "JavaScript", "kind": "field", "scope": "AppRoutes.AnonymousClassc95af31f0101", "scopeKind": "class"}, {"_type": "tag", "name": "pillDotClass", "path": "/home/kavia/workspace/code-generation/inventory-tracker-239617-239632/stock_check_frontend/src/App.js", "pattern": "/^function pillDotClass(isOk) {$/", "language": "JavaScript", "kind": "function", "signature": "(isOk)"}, {"_type": "tag", "name": "running", "path": "/home/kavia/workspace/code-generation/inventory-tracker-239617-239632/stock_check_frontend/src/App.js", "pattern": "/^              disabled={running}$/", "language": "JavaScript", "kind": "field", "scope": "AppRoutes.disabled", "scopeKind": "class"}, {"_type": "tag", "name": "todayISO", "path": "/home/kavia/workspace/code-generation/inventory-tracker-239617-239632/stock_check_frontend/src/App.js", "pattern": "/^function todayISO() {$/", "language": "JavaScript", "kind": "function", "signature": "()"}, {"_type": "tag", "name": "usePersistedState", "path": "/home/kavia/workspace/code-generation/inventory-tracker-239617-239632/stock_check_frontend/src/App.js", "pattern": "/^function usePersistedState() {$/", "language": "JavaScript", "kind": "function", "signature": "()"}], "hash": "3974e65b7e379243bb6f0d330f148521", "format-version": 4, "code-base-name": "stock_check_frontend", "filename": "stock_check_frontend/src/App.js", "fields": [{"name": "onClick={handleRun}", "scope": "AppRoutes.onClick", "scopeKind": "class", "description": "unavailable"}, {"name": "<Route path=\"\\/output\" element={<OutputPage lastRun={lastRun} \\/>} \\/>", "scope": "AppRoutes.AnonymousClassc95af31f0101", "scopeKind": "class", "description": "unavailable"}, {"name": "disabled={running}", "scope": "AppRoutes.disabled", "scopeKind": "class", "description": "unavailable"}]}