{"is_source_file": true, "format": "JavaScript", "description": "This file contains utility helper functions for inventory computation, including filtering items, computing KPIs, generating alerts, and extracting unique values.", "external_files": [], "external_methods": [], "published": ["filterItems", "computeKpis", "buildAlerts", "uniqueValues"], "classes": [], "methods": [{"name": "norm(s)", "description": "Helper function to normalize a string by converting to string, trimming whitespace, and converting to lowercase.", "scope": "", "scopeKind": ""}, {"name": "filterItems(items, filters)", "description": "Filters inventory items based on provided criteria such as query, category, location, and stock status.", "scope": "", "scopeKind": ""}, {"name": "computeKpis(items)", "description": "Calculates summary KPIs like total quantity, inventory value, and stock status counts for a list of items.", "scope": "", "scopeKind": ""}, {"name": "buildAlerts(items)", "description": "Generates alert objects for items that are low or out of stock, with prioritization based on severity.", "scope": "", "scopeKind": ""}, {"name": "uniqueValues(items, key)", "description": "Extracts and returns sorted unique normalized values for a specified key (like category or location) from inventory items.", "scope": "", "scopeKind": ""}], "calls": ["norm", "(items || [])", "Number()", "String()"], "search-terms": ["inventory helpers", "filterItems", "computeKpis", "buildAlerts", "uniqueValues", "stock status", "inventory filtering", "inventory KPI", "alerts for inventory", "inventory utility functions"], "state": 2, "file_id": 14, "knowledge_revision": 40, "git_revision": "6def082fede59928bde2066d2a1cecd4074783ed", "ctags": [{"_type": "tag", "name": "buildAlerts", "path": "/home/kavia/workspace/code-generation/inventory-tracker-239617-239632/stock_check_frontend/src/utils/inventory.js", "pattern": "/^export function buildAlerts(items) {$/", "language": "JavaScript", "kind": "function", "signature": "(items)"}, {"_type": "tag", "name": "computeKpis", "path": "/home/kavia/workspace/code-generation/inventory-tracker-239617-239632/stock_check_frontend/src/utils/inventory.js", "pattern": "/^export function computeKpis(items) {$/", "language": "JavaScript", "kind": "function", "signature": "(items)"}, {"_type": "tag", "name": "danger", "path": "/home/kavia/workspace/code-generation/inventory-tracker-239617-239632/stock_check_frontend/src/utils/inventory.js", "pattern": "/^  const sevRank = { danger: 0, warn: 1 };$/", "language": "JavaScript", "kind": "property", "scope": "buildAlerts.sevRank", "scopeKind": "class"}, {"_type": "tag", "name": "filterItems", "path": "/home/kavia/workspace/code-generation/inventory-tracker-239617-239632/stock_check_frontend/src/utils/inventory.js", "pattern": "/^export function filterItems(items, filters) {$/", "language": "JavaScript", "kind": "function", "signature": "(items, filters)"}, {"_type": "tag", "name": "norm", "path": "/home/kavia/workspace/code-generation/inventory-tracker-239617-239632/stock_check_frontend/src/utils/inventory.js", "pattern": "/^function norm(s) {$/", "language": "JavaScript", "kind": "function", "signature": "(s)"}, {"_type": "tag", "name": "sevRank", "path": "/home/kavia/workspace/code-generation/inventory-tracker-239617-239632/stock_check_frontend/src/utils/inventory.js", "pattern": "/^  const sevRank = { danger: 0, warn: 1 };$/", "language": "JavaScript", "kind": "class", "scope": "buildAlerts", "scopeKind": "class"}, {"_type": "tag", "name": "uniqueValues", "path": "/home/kavia/workspace/code-generation/inventory-tracker-239617-239632/stock_check_frontend/src/utils/inventory.js", "pattern": "/^export function uniqueValues(items, key) {$/", "language": "JavaScript", "kind": "function", "signature": "(items, key)"}, {"_type": "tag", "name": "warn", "path": "/home/kavia/workspace/code-generation/inventory-tracker-239617-239632/stock_check_frontend/src/utils/inventory.js", "pattern": "/^  const sevRank = { danger: 0, warn: 1 };$/", "language": "JavaScript", "kind": "property", "scope": "buildAlerts.sevRank", "scopeKind": "class"}], "hash": "e3cb35b5be4f5ddd1e9f279dac38ffe9", "format-version": 4, "code-base-name": "stock_check_frontend", "filename": "stock_check_frontend/src/utils/inventory.js", "fields": [{"name": "const sevRank = { danger: 0, warn: 1 };", "scope": "buildAlerts.sevRank", "scopeKind": "class", "description": "unavailable"}], "revision_history": [{"40": "6def082fede59928bde2066d2a1cecd4074783ed"}]}