{"is_source_file": true, "file_id": 13, "git_revision": "", "state": 1, "description": "", "external_files": [], "external_methods": [], "published": [], "classes": [], "methods": [], "calls": [], "search-terms": [], "ctags": [{"_type": "tag", "name": "LS_KEY", "path": "/home/kavia/workspace/code-generation/inventory-tracker-239617-239632/stock_check_frontend/src/services/api.js", "pattern": "/^const LS_KEY = \"inventory_items_v1\";$/", "language": "JavaScript", "kind": "constant"}, {"_type": "tag", "name": "category", "path": "/home/kavia/workspace/code-generation/inventory-tracker-239617-239632/stock_check_frontend/src/services/api.js", "pattern": "/^    category: item.category || \"General\",$/", "language": "JavaScript", "kind": "property", "scope": "createInventoryItem.created", "scopeKind": "class"}, {"_type": "tag", "name": "createInventoryItem", "path": "/home/kavia/workspace/code-generation/inventory-tracker-239617-239632/stock_check_frontend/src/services/api.js", "pattern": "/^export async function createInventoryItem(item) {$/", "language": "JavaScript", "kind": "function", "signature": "(item)"}, {"_type": "tag", "name": "created", "path": "/home/kavia/workspace/code-generation/inventory-tracker-239617-239632/stock_check_frontend/src/services/api.js", "pattern": "/^  const created = {$/", "language": "JavaScript", "kind": "class", "scope": "createInventoryItem", "scopeKind": "class"}, {"_type": "tag", "name": "deleteInventoryItem", "path": "/home/kavia/workspace/code-generation/inventory-tracker-239617-239632/stock_check_frontend/src/services/api.js", "pattern": "/^export async function deleteInventoryItem(id) {$/", "language": "JavaScript", "kind": "function", "signature": "(id)"}, {"_type": "tag", "name": "getApiBase", "path": "/home/kavia/workspace/code-generation/inventory-tracker-239617-239632/stock_check_frontend/src/services/api.js", "pattern": "/^function getApiBase() {$/", "language": "JavaScript", "kind": "function", "signature": "()"}, {"_type": "tag", "name": "getInventoryItems", "path": "/home/kavia/workspace/code-generation/inventory-tracker-239617-239632/stock_check_frontend/src/services/api.js", "pattern": "/^export async function getInventoryItems() {$/", "language": "JavaScript", "kind": "function", "signature": "()"}, {"_type": "tag", "name": "id", "path": "/home/kavia/workspace/code-generation/inventory-tracker-239617-239632/stock_check_frontend/src/services/api.js", "pattern": "/^    id: newId(),$/", "language": "JavaScript", "kind": "property", "scope": "createInventoryItem.created", "scopeKind": "class"}, {"_type": "tag", "name": "location", "path": "/home/kavia/workspace/code-generation/inventory-tracker-239617-239632/stock_check_frontend/src/services/api.js", "pattern": "/^    location: item.location || \"Main\",$/", "language": "JavaScript", "kind": "property", "scope": "createInventoryItem.created", "scopeKind": "class"}, {"_type": "tag", "name": "name", "path": "/home/kavia/workspace/code-generation/inventory-tracker-239617-239632/stock_check_frontend/src/services/api.js", "pattern": "/^    name: item.name || \"\",$/", "language": "JavaScript", "kind": "property", "scope": "createInventoryItem.created", "scopeKind": "class"}, {"_type": "tag", "name": "newId", "path": "/home/kavia/workspace/code-generation/inventory-tracker-239617-239632/stock_check_frontend/src/services/api.js", "pattern": "/^function newId() {$/", "language": "JavaScript", "kind": "function", "signature": "()"}, {"_type": "tag", "name": "notes", "path": "/home/kavia/workspace/code-generation/inventory-tracker-239617-239632/stock_check_frontend/src/services/api.js", "pattern": "/^    notes: item.notes || \"\",$/", "language": "JavaScript", "kind": "property", "scope": "createInventoryItem.created", "scopeKind": "class"}, {"_type": "tag", "name": "quantity", "path": "/home/kavia/workspace/code-generation/inventory-tracker-239617-239632/stock_check_frontend/src/services/api.js", "pattern": "/^    quantity: Number.isFinite(Number(item.quantity)) ? Number(item.quantity) : 0,$/", "language": "JavaScript", "kind": "property", "scope": "createInventoryItem.created", "scopeKind": "class"}, {"_type": "tag", "name": "readLocalItems", "path": "/home/kavia/workspace/code-generation/inventory-tracker-239617-239632/stock_check_frontend/src/services/api.js", "pattern": "/^function readLocalItems() {$/", "language": "JavaScript", "kind": "function", "signature": "()"}, {"_type": "tag", "name": "reorderPoint", "path": "/home/kavia/workspace/code-generation/inventory-tracker-239617-239632/stock_check_frontend/src/services/api.js", "pattern": "/^    reorderPoint: Number.isFinite(Number(item.reorderPoint)) ? Number(item.reorderPoint) : 0,$/", "language": "JavaScript", "kind": "property", "scope": "createInventoryItem.created", "scopeKind": "class"}, {"_type": "tag", "name": "safeJsonParse", "path": "/home/kavia/workspace/code-generation/inventory-tracker-239617-239632/stock_check_frontend/src/services/api.js", "pattern": "/^function safeJsonParse(text) {$/", "language": "JavaScript", "kind": "function", "signature": "(text)"}, {"_type": "tag", "name": "sku", "path": "/home/kavia/workspace/code-generation/inventory-tracker-239617-239632/stock_check_frontend/src/services/api.js", "pattern": "/^    sku: item.sku || \"\",$/", "language": "JavaScript", "kind": "property", "scope": "createInventoryItem.created", "scopeKind": "class"}, {"_type": "tag", "name": "sleep", "path": "/home/kavia/workspace/code-generation/inventory-tracker-239617-239632/stock_check_frontend/src/services/api.js", "pattern": "/^function sleep(ms) {$/", "language": "JavaScript", "kind": "function", "signature": "(ms)"}, {"_type": "tag", "name": "tryFetch", "path": "/home/kavia/workspace/code-generation/inventory-tracker-239617-239632/stock_check_frontend/src/services/api.js", "pattern": "/^async function tryFetch(url, options) {$/", "language": "JavaScript", "kind": "function", "signature": "(url, options)"}, {"_type": "tag", "name": "unitPrice", "path": "/home/kavia/workspace/code-generation/inventory-tracker-239617-239632/stock_check_frontend/src/services/api.js", "pattern": "/^    unitPrice: Number.isFinite(Number(item.unitPrice)) ? Number(item.unitPrice) : 0,$/", "language": "JavaScript", "kind": "property", "scope": "createInventoryItem.created", "scopeKind": "class"}, {"_type": "tag", "name": "updateInventoryItem", "path": "/home/kavia/workspace/code-generation/inventory-tracker-239617-239632/stock_check_frontend/src/services/api.js", "pattern": "/^export async function updateInventoryItem(id, patch) {$/", "language": "JavaScript", "kind": "function", "signature": "(id, patch)"}, {"_type": "tag", "name": "updatedAt", "path": "/home/kavia/workspace/code-generation/inventory-tracker-239617-239632/stock_check_frontend/src/services/api.js", "pattern": "/^    updatedAt: new Date().toISOString(),$/", "language": "JavaScript", "kind": "property", "scope": "createInventoryItem.created", "scopeKind": "class"}, {"_type": "tag", "name": "writeLocalItems", "path": "/home/kavia/workspace/code-generation/inventory-tracker-239617-239632/stock_check_frontend/src/services/api.js", "pattern": "/^function writeLocalItems(items) {$/", "language": "JavaScript", "kind": "function", "signature": "(items)"}], "format": "JavaScript", "hash": "bf142d260ec798657ccbc133084cab42", "format-version": 4, "code-base-name": "stock_check_frontend", "filename": "stock_check_frontend/src/services/api.js", "knowledge_revision": 29}