{"is_source_file": true, "format": "JavaScript", "description": "This file defines a React component called InventoryPage that manages and displays inventory items with filtering, creation, editing, and deletion functionalities. It uses various imported components and utility functions for UI and data processing.", "external_files": ["../components/sidebar/FilterSidebar", "../components/inventory/InventoryTable", "../components/ui/Modal", "../components/inventory/InventoryForm", "../utils/inventory"], "external_methods": ["filterItems", "uniqueValues"], "published": ["InventoryPage"], "classes": [], "methods": [{"name": "handleCreate(payload)", "description": "Handles creation of a new inventory item, manages busy state and modal closure.", "scope": "InventoryPage", "scopeKind": "function"}, {"name": "handleUpdate(itemId, payload)", "description": "Handles updating an existing inventory item, manages busy state and modal closure.", "scope": "InventoryPage", "scopeKind": "function"}, {"name": "InventoryPage({ items, onCreate, onUpdate, onDelete })", "scope": "", "scopeKind": "", "description": "unavailable"}], "calls": ["setFilters", "setModal", "filterItems", "uniqueValues", "onCreate", "onUpdate", "onDelete", "setBusy", "setModal", "InventoryTable", "InventoryForm"], "search-terms": ["InventoryPage", "React component", "inventory management", "filters", "modal", "CRUD actions", "inventory items", "UI components", "FilterSidebar", "InventoryTable", "InventoryForm"], "state": 2, "file_id": 21, "knowledge_revision": 47, "git_revision": "6def082fede59928bde2066d2a1cecd4074783ed", "ctags": [{"_type": "tag", "name": "InventoryPage", "path": "/home/kavia/workspace/code-generation/inventory-tracker-239617-239632/stock_check_frontend/src/pages/InventoryPage.js", "pattern": "/^export function InventoryPage({ items, onCreate, onUpdate, onDelete }) {$/", "language": "JavaScript", "kind": "function", "signature": "({ items, onCreate, onUpdate, onDelete })"}, {"_type": "tag", "name": "categories", "path": "/home/kavia/workspace/code-generation/inventory-tracker-239617-239632/stock_check_frontend/src/pages/InventoryPage.js", "pattern": "/^        categories={categories}$/", "language": "JavaScript", "kind": "field", "scope": "InventoryPage.categories", "scopeKind": "class"}, {"_type": "tag", "name": "filtered", "path": "/home/kavia/workspace/code-generation/inventory-tracker-239617-239632/stock_check_frontend/src/pages/InventoryPage.js", "pattern": "/^            items={filtered}$/", "language": "JavaScript", "kind": "field", "scope": "InventoryPage.items", "scopeKind": "class"}, {"_type": "tag", "name": "filters", "path": "/home/kavia/workspace/code-generation/inventory-tracker-239617-239632/stock_check_frontend/src/pages/InventoryPage.js", "pattern": "/^        filters={filters}$/", "language": "JavaScript", "kind": "field", "scope": "InventoryPage.filters", "scopeKind": "class"}, {"_type": "tag", "name": "handleCreate", "path": "/home/kavia/workspace/code-generation/inventory-tracker-239617-239632/stock_check_frontend/src/pages/InventoryPage.js", "pattern": "/^  async function handleCreate(payload) {$/", "language": "JavaScript", "kind": "function", "signature": "(payload)", "scope": "InventoryPage", "scopeKind": "function"}, {"_type": "tag", "name": "handleUpdate", "path": "/home/kavia/workspace/code-generation/inventory-tracker-239617-239632/stock_check_frontend/src/pages/InventoryPage.js", "pattern": "/^  async function handleUpdate(itemId, payload) {$/", "language": "JavaScript", "kind": "function", "signature": "(itemId, payload)", "scope": "InventoryPage", "scopeKind": "function"}, {"_type": "tag", "name": "locations", "path": "/home/kavia/workspace/code-generation/inventory-tracker-239617-239632/stock_check_frontend/src/pages/InventoryPage.js", "pattern": "/^        locations={locations}$/", "language": "JavaScript", "kind": "field", "scope": "InventoryPage.locations", "scopeKind": "class"}, {"_type": "tag", "name": "onDelete", "path": "/home/kavia/workspace/code-generation/inventory-tracker-239617-239632/stock_check_frontend/src/pages/InventoryPage.js", "pattern": "/^            onDelete={onDelete}$/", "language": "JavaScript", "kind": "field", "scope": "InventoryPage.onDelete", "scopeKind": "class"}, {"_type": "tag", "name": "setFilters", "path": "/home/kavia/workspace/code-generation/inventory-tracker-239617-239632/stock_check_frontend/src/pages/InventoryPage.js", "pattern": "/^        onChange={setFilters}$/", "language": "JavaScript", "kind": "field", "scope": "InventoryPage.onChange", "scopeKind": "class"}], "hash": "eda81887295918fd94fb05c446f3e8d5", "format-version": 4, "code-base-name": "stock_check_frontend", "filename": "stock_check_frontend/src/pages/InventoryPage.js", "fields": [{"name": "categories={categories}", "scope": "InventoryPage.categories", "scopeKind": "class", "description": "unavailable"}, {"name": "items={filtered}", "scope": "InventoryPage.items", "scopeKind": "class", "description": "unavailable"}, {"name": "filters={filters}", "scope": "InventoryPage.filters", "scopeKind": "class", "description": "unavailable"}, {"name": "locations={locations}", "scope": "InventoryPage.locations", "scopeKind": "class", "description": "unavailable"}, {"name": "onDelete={onDelete}", "scope": "InventoryPage.onDelete", "scopeKind": "class", "description": "unavailable"}, {"name": "onChange={setFilters}", "scope": "InventoryPage.onChange", "scopeKind": "class", "description": "unavailable"}], "revision_history": [{"47": "6def082fede59928bde2066d2a1cecd4074783ed"}]}