{"is_source_file": true, "format": "JavaScript", "description": "This file contains utility functions and constants for managing application state in localStorage, including configuration defaults, validation, loading, and saving functions.", "external_files": ["localStorage"], "external_methods": ["localStorage.getItem", "localStorage.setItem"], "published": ["DEFAULT_CONFIG", "validateConfig", "loadAppState", "saveAppState"], "classes": [], "methods": [{"name": "validateConfig(config)", "description": "Validates the configuration object, ensuring 'data_mode' is 'MOCK' or 'LIVE', and if 'MOCK', checks that 'mock_seed' and 'mock_universe_size' are valid integers with the latter at least 1000.", "scope": "", "scopeKind": ""}, {"name": "loadAppState(fallback)", "description": "Loads application state from localStorage, returning the provided fallback if loading or parsing fails.", "scope": "", "scopeKind": ""}, {"name": "saveAppState(state)", "description": "Saves the given application state object to localStorage.", "scope": "", "scopeKind": ""}, {"name": "safeParse(raw)", "scope": "", "scopeKind": "", "description": "unavailable"}], "calls": ["localStorage.getItem", "localStorage.setItem", "JSON.parse"], "search-terms": ["storage", "localStorage", "config validation", "app state load", "app state save"], "state": 2, "file_id": 27, "knowledge_revision": 65, "git_revision": "28426dcf383e033597d2bfc52662f5441012a463", "ctags": [{"_type": "tag", "name": "DEFAULT_CONFIG", "path": "/home/kavia/workspace/code-generation/inventory-tracker-239617-239632/stock_check_frontend/src/utils/storage.js", "pattern": "/^export const DEFAULT_CONFIG = {$/", "language": "JavaScript", "kind": "class"}, {"_type": "tag", "name": "LS_KEY", "path": "/home/kavia/workspace/code-generation/inventory-tracker-239617-239632/stock_check_frontend/src/utils/storage.js", "pattern": "/^const LS_KEY = \"stock_check_v12_state\";$/", "language": "JavaScript", "kind": "constant"}, {"_type": "tag", "name": "config", "path": "/home/kavia/workspace/code-generation/inventory-tracker-239617-239632/stock_check_frontend/src/utils/storage.js", "pattern": "/^  config: {$/", "language": "JavaScript", "kind": "class", "scope": "DEFAULT_CONFIG", "scopeKind": "class"}, {"_type": "tag", "name": "data_mode", "path": "/home/kavia/workspace/code-generation/inventory-tracker-239617-239632/stock_check_frontend/src/utils/storage.js", "pattern": "/^    data_mode: \"LIVE\",$/", "language": "JavaScript", "kind": "property", "scope": "DEFAULT_CONFIG.config", "scopeKind": "class"}, {"_type": "tag", "name": "lastRun", "path": "/home/kavia/workspace/code-generation/inventory-tracker-239617-239632/stock_check_frontend/src/utils/storage.js", "pattern": "/^  lastRun: null,$/", "language": "JavaScript", "kind": "property", "scope": "DEFAULT_CONFIG", "scopeKind": "class"}, {"_type": "tag", "name": "loadAppState", "path": "/home/kavia/workspace/code-generation/inventory-tracker-239617-239632/stock_check_frontend/src/utils/storage.js", "pattern": "/^export function loadAppState(fallback) {$/", "language": "JavaScript", "kind": "function", "signature": "(fallback)"}, {"_type": "tag", "name": "mock_seed", "path": "/home/kavia/workspace/code-generation/inventory-tracker-239617-239632/stock_check_frontend/src/utils/storage.js", "pattern": "/^    mock_seed: 42,$/", "language": "JavaScript", "kind": "property", "scope": "DEFAULT_CONFIG.config", "scopeKind": "class"}, {"_type": "tag", "name": "mock_universe_size", "path": "/home/kavia/workspace/code-generation/inventory-tracker-239617-239632/stock_check_frontend/src/utils/storage.js", "pattern": "/^    mock_universe_size: 1200,$/", "language": "JavaScript", "kind": "property", "scope": "DEFAULT_CONFIG.config", "scopeKind": "class"}, {"_type": "tag", "name": "safeParse", "path": "/home/kavia/workspace/code-generation/inventory-tracker-239617-239632/stock_check_frontend/src/utils/storage.js", "pattern": "/^function safeParse(raw) {$/", "language": "JavaScript", "kind": "function", "signature": "(raw)"}, {"_type": "tag", "name": "saveAppState", "path": "/home/kavia/workspace/code-generation/inventory-tracker-239617-239632/stock_check_frontend/src/utils/storage.js", "pattern": "/^export function saveAppState(state) {$/", "language": "JavaScript", "kind": "function", "signature": "(state)"}, {"_type": "tag", "name": "validateConfig", "path": "/home/kavia/workspace/code-generation/inventory-tracker-239617-239632/stock_check_frontend/src/utils/storage.js", "pattern": "/^export function validateConfig(config) {$/", "language": "JavaScript", "kind": "function", "signature": "(config)"}], "hash": "593b535ff44d77a4fc0343c94ea199a9", "format-version": 4, "code-base-name": "stock_check_frontend", "filename": "stock_check_frontend/src/utils/storage.js", "fields": [{"name": "data_mode: \"LIVE\",", "scope": "DEFAULT_CONFIG.config", "scopeKind": "class", "description": "unavailable"}, {"name": "lastRun: null,", "scope": "DEFAULT_CONFIG", "scopeKind": "class", "description": "unavailable"}, {"name": "mock_seed: 42,", "scope": "DEFAULT_CONFIG.config", "scopeKind": "class", "description": "unavailable"}, {"name": "mock_universe_size: 1200,", "scope": "DEFAULT_CONFIG.config", "scopeKind": "class", "description": "unavailable"}], "revision_history": [{"65": "28426dcf383e033597d2bfc52662f5441012a463"}]}