{"is_source_file": true, "format": "JavaScript (React JSX)", "description": "Main frontend source file for the Stock Check 43-Factor Model application, defining the App component, routing, and core utility functions.", "external_files": ["./components/ui/Toasts", "./pages/RunnerPage", "./pages/FactorsPage", "./pages/OutputPage", "./pages/DiagnosticsPage", "./utils/storage", "./utils/model", "./App.css"], "external_methods": ["useToasts", "loadAppState", "saveAppState", "validateConfig", "runModel"], "published": ["default"], "classes": [], "methods": [{"name": "pillDotClass(isOk)", "description": "Returns a CSS class name based on whether a status is okay or offline.", "scope": "", "scopeKind": ""}, {"name": "todayISO()", "description": "Returns the current date in YYYY-MM-DD format.", "scope": "", "scopeKind": ""}, {"name": "addBusinessDayISO(dateISO, offsetDays)", "description": "Calculates a future date by adding specified business days to an ISO date string.", "scope": "", "scopeKind": ""}, {"name": "usePersistedState()", "description": "Custom React hook to load and persist application state.", "scope": "", "scopeKind": ""}, {"name": "handleRun()", "description": "Executes the model run, updates state, and manages toast notifications.", "scope": "AppInner", "scopeKind": "function"}, {"name": "App()", "scope": "", "scopeKind": "", "description": "unavailable"}, {"name": "AppInner()", "scope": "", "scopeKind": "", "description": "unavailable"}], "calls": ["useToasts", "loadAppState", "saveAppState", "validateConfig", "runModel", "push", "setAppState", "addBusinessDayISO", "todayISO"], "search-terms": ["AppInner", "runModel", "config", "lastRun", "toast", "React Router", "usePersistedState"], "state": 2, "file_id": 4, "knowledge_revision": 49, "git_revision": "ae58afa593c23c75f95bd828b04ba1c46906e085", "revision_history": [{"20": "ae58afa593c23c75f95bd828b04ba1c46906e085"}, {"49": "ae58afa593c23c75f95bd828b04ba1c46906e085"}], "ctags": [{"_type": "tag", "name": "App", "path": "/home/kavia/workspace/code-generation/inventory-tracker-239617-239632/stock_check_frontend/src/App.js", "pattern": "/^export default function App() {$/", "language": "JavaScript", "kind": "function", "signature": "()"}, {"_type": "tag", "name": "AppInner", "path": "/home/kavia/workspace/code-generation/inventory-tracker-239617-239632/stock_check_frontend/src/App.js", "pattern": "/^function AppInner() {$/", "language": "JavaScript", "kind": "function", "signature": "()"}, {"_type": "tag", "name": "addBusinessDayISO", "path": "/home/kavia/workspace/code-generation/inventory-tracker-239617-239632/stock_check_frontend/src/App.js", "pattern": "/^function addBusinessDayISO(dateISO, offsetDays) {$/", "language": "JavaScript", "kind": "function", "signature": "(dateISO, offsetDays)"}, {"_type": "tag", "name": "handleRun", "path": "/home/kavia/workspace/code-generation/inventory-tracker-239617-239632/stock_check_frontend/src/App.js", "pattern": "/^  async function handleRun() {$/", "language": "JavaScript", "kind": "function", "signature": "()", "scope": "AppInner", "scopeKind": "function"}, {"_type": "tag", "name": "lastRun", "path": "/home/kavia/workspace/code-generation/inventory-tracker-239617-239632/stock_check_frontend/src/App.js", "pattern": "/^            <Route path=\"\\/diagnostics\" element={<DiagnosticsPage lastRun={lastRun} \\/>} \\/>$/", "language": "JavaScript", "kind": "field", "scope": "AppInner.AnonymousClassc95af31f0201", "scopeKind": "class"}, {"_type": "tag", "name": "lastRun", "path": "/home/kavia/workspace/code-generation/inventory-tracker-239617-239632/stock_check_frontend/src/App.js", "pattern": "/^            <Route path=\"\\/output\" element={<OutputPage lastRun={lastRun} \\/>} \\/>$/", "language": "JavaScript", "kind": "field", "scope": "AppInner.AnonymousClassc95af31f0101", "scopeKind": "class"}, {"_type": "tag", "name": "pillDotClass", "path": "/home/kavia/workspace/code-generation/inventory-tracker-239617-239632/stock_check_frontend/src/App.js", "pattern": "/^function pillDotClass(isOk) {$/", "language": "JavaScript", "kind": "function", "signature": "(isOk)"}, {"_type": "tag", "name": "todayISO", "path": "/home/kavia/workspace/code-generation/inventory-tracker-239617-239632/stock_check_frontend/src/App.js", "pattern": "/^function todayISO() {$/", "language": "JavaScript", "kind": "function", "signature": "()"}, {"_type": "tag", "name": "usePersistedState", "path": "/home/kavia/workspace/code-generation/inventory-tracker-239617-239632/stock_check_frontend/src/App.js", "pattern": "/^function usePersistedState() {$/", "language": "JavaScript", "kind": "function", "signature": "()"}], "hash": "494322875852fc2916b65d36ef70239b", "format-version": 4, "code-base-name": "stock_check_frontend", "filename": "stock_check_frontend/src/App.js", "fields": [{"name": "<Route path=\"\\/diagnostics\" element={<DiagnosticsPage lastRun={lastRun} \\/>} \\/>", "scope": "AppInner.AnonymousClassc95af31f0201", "scopeKind": "class", "description": "unavailable"}, {"name": "<Route path=\"\\/output\" element={<OutputPage lastRun={lastRun} \\/>} \\/>", "scope": "AppInner.AnonymousClassc95af31f0101", "scopeKind": "class", "description": "unavailable"}]}