{"is_source_file": true, "format": "JavaScript", "description": "This file is a test setup script for a JavaScript project using Jest. It mainly modifies Jest's behavior during testing to suppress specific React Router warnings and to mock the global fetch function to prevent real network requests during tests.", "external_files": ["@testing-library/jest-dom"], "external_methods": ["console.warn", "jest.spyOn", "global.fetch"], "published": [], "classes": [], "methods": [{"name": "shouldFilterReactRouterFutureWarning(firstArg)", "description": "Determines if a warning message related to React Router v7 future flags should be filtered out to reduce noise in test output.", "scope": "", "scopeKind": ""}], "calls": ["console.warn", "jest.spyOn", "global.fetch", "global.fetch", "console.warn"], "search-terms": ["setupTests", "Jest", "React Router warnings", "fetch mocking", "test environment setup"], "state": 2, "file_id": 5, "knowledge_revision": 96, "git_revision": "ce428616abe208823136f4135e188a37e28b81e2", "revision_history": [{"85": "ae58afa593c23c75f95bd828b04ba1c46906e085"}, {"96": "ce428616abe208823136f4135e188a37e28b81e2"}], "ctags": [{"_type": "tag", "name": "ORIGINAL_WARN", "path": "/home/kavia/workspace/code-generation/inventory-tracker-239617-239632/stock_check_frontend/src/setupTests.js", "pattern": "/^const ORIGINAL_WARN = console.warn;$/", "language": "JavaScript", "kind": "constant"}, {"_type": "tag", "name": "shouldFilterReactRouterFutureWarning", "path": "/home/kavia/workspace/code-generation/inventory-tracker-239617-239632/stock_check_frontend/src/setupTests.js", "pattern": "/^function shouldFilterReactRouterFutureWarning(firstArg) {$/", "language": "JavaScript", "kind": "function", "signature": "(firstArg)"}], "hash": "0668ca6409c4c6d7118211576a64fbf8", "format-version": 4, "code-base-name": "stock_check_frontend", "filename": "stock_check_frontend/src/setupTests.js"}