{"is_source_file": false, "format": "", "description": "", "external_files": [], "external_methods": [], "published": [], "classes": [], "methods": [], "calls": [], "search-terms": [], "state": 2, "file_id": 8, "knowledge_revision": 21, "git_revision": "ae58afa593c23c75f95bd828b04ba1c46906e085", "hash": "d9d975cebe2ec20b6c652e1e4c12ccf0", "format-version": 4, "code-base-name": "stock_check_frontend", "filename": "stock_check_frontend/public/manifest.json", "revision_history": [{"21": "ae58afa593c23c75f95bd828b04ba1c46906e085"}]}