{"is_source_file": false, "format": "", "description": "", "external_files": [], "external_methods": [], "published": [], "classes": [], "methods": [], "calls": [], "search-terms": [], "state": 2, "file_id": 9, "knowledge_revision": 14, "git_revision": "ae58afa593c23c75f95bd828b04ba1c46906e085", "hash": "d2b40d02d5f7873d8a6713bad837edd4", "format-version": 4, "code-base-name": "stock_check_frontend", "filename": "stock_check_frontend/public/index.html", "revision_history": [{"14": "ae58afa593c23c75f95bd828b04ba1c46906e085"}]}