{"is_source_file": true, "format": "JavaScript", "description": "React component 'InventoryForm' providing a form interface for inventory items with validation and normalization.", "external_files": ["react"], "external_methods": ["React.useMemo", "React.useState"], "published": ["InventoryForm"], "classes": [], "methods": [{"name": "asNumber(v)", "description": "Utility function converting input to a finite number, defaults to 0 if invalid.", "scope": "", "scopeKind": ""}, {"name": "InventoryForm({ initialValue, onSubmit, submitLabel })", "scope": "", "scopeKind": "", "description": "unavailable"}, {"name": "setField(k, v)", "scope": "InventoryForm", "scopeKind": "function", "description": "unavailable"}, {"name": "validate()", "scope": "InventoryForm", "scopeKind": "function", "description": "unavailable"}], "calls": ["useMemo", "useState", "setValue", "setError", "validate", "onSubmit", "setField"], "search-terms": ["InventoryForm", "inventory item form", "React component", "validation", "normalization", "useMemo", "useState", "stock_check_frontend"], "state": 2, "file_id": 17, "knowledge_revision": 43, "git_revision": "6def082fede59928bde2066d2a1cecd4074783ed", "ctags": [{"_type": "tag", "name": "InventoryForm", "path": "/home/kavia/workspace/code-generation/inventory-tracker-239617-239632/stock_check_frontend/src/components/inventory/InventoryForm.js", "pattern": "/^export function InventoryForm({ initialValue, onSubmit, submitLabel }) {$/", "language": "JavaScript", "kind": "function", "signature": "({ initialValue, onSubmit, submitLabel })"}, {"_type": "tag", "name": "asNumber", "path": "/home/kavia/workspace/code-generation/inventory-tracker-239617-239632/stock_check_frontend/src/components/inventory/InventoryForm.js", "pattern": "/^function asNumber(v) {$/", "language": "JavaScript", "kind": "function", "signature": "(v)"}, {"_type": "tag", "name": "setField", "path": "/home/kavia/workspace/code-generation/inventory-tracker-239617-239632/stock_check_frontend/src/components/inventory/InventoryForm.js", "pattern": "/^  function setField(k, v) {$/", "language": "JavaScript", "kind": "function", "signature": "(k, v)", "scope": "InventoryForm", "scopeKind": "function"}, {"_type": "tag", "name": "validate", "path": "/home/kavia/workspace/code-generation/inventory-tracker-239617-239632/stock_check_frontend/src/components/inventory/InventoryForm.js", "pattern": "/^  function validate() {$/", "language": "JavaScript", "kind": "function", "signature": "()", "scope": "InventoryForm", "scopeKind": "function"}], "hash": "7e637f7267afa890e1ea6e3cb436f246", "format-version": 4, "code-base-name": "stock_check_frontend", "filename": "stock_check_frontend/src/components/inventory/InventoryForm.js", "revision_history": [{"43": "6def082fede59928bde2066d2a1cecd4074783ed"}]}