{"is_source_file": true, "format": "JavaScript", "description": "This file defines a React functional component named Modal, which renders an accessible modal dialog with overlay, close button, and optional footer.", "external_files": ["react"], "external_methods": ["React.useEffect"], "published": ["Modal"], "classes": [], "methods": [{"name": "Modal({ title, children, footer, onClose })", "description": "A React functional component that renders a modal dialog with accessibility features and optional footer.", "parameters": ["title: string", "children: ReactNode", "footer: ReactNode (optional)", "onClose: function"], "scope": "", "scopeKind": ""}], "calls": ["window.addEventListener", "window.removeEventListener"], "search-terms": ["Modal", "React", "accessible dialog", "useEffect", "modalOverlay"], "state": 2, "file_id": 15, "knowledge_revision": 41, "git_revision": "6def082fede59928bde2066d2a1cecd4074783ed", "ctags": [{"_type": "tag", "name": "Modal", "path": "/home/kavia/workspace/code-generation/inventory-tracker-239617-239632/stock_check_frontend/src/components/ui/Modal.js", "pattern": "/^export function Modal({ title, children, footer, onClose }) {$/", "language": "JavaScript", "kind": "function", "signature": "({ title, children, footer, onClose })"}, {"_type": "tag", "name": "title", "path": "/home/kavia/workspace/code-generation/inventory-tracker-239617-239632/stock_check_frontend/src/components/ui/Modal.js", "pattern": "/^      aria-label={title || \"Dialog\"}$/", "language": "JavaScript", "kind": "field", "scope": "Modal.aria", "scopeKind": "class"}], "hash": "d5862d15c096b8949010014c54625dc3", "format-version": 4, "code-base-name": "stock_check_frontend", "filename": "stock_check_frontend/src/components/ui/Modal.js", "fields": [{"name": "aria-label={title || \"Dialog\"}", "scope": "Modal.aria", "scopeKind": "class", "description": "unavailable"}], "revision_history": [{"41": "6def082fede59928bde2066d2a1cecd4074783ed"}]}