{"is_source_file": false, "format": null, "description": "", "external_files": [], "external_methods": [], "published": [], "classes": [], "methods": [], "calls": [], "search-terms": ["netlify.toml", "build", "redirects", "functions", "base", "publish", "command"], "state": 2, "file_id": 36, "knowledge_revision": 94, "git_revision": "c98d2793424ed603f5bc38d0ae47ba28bc27473a", "hash": "afa83096cc991c966fe8f1e7ce6150de", "format-version": 4, "code-base-name": "stock_check_frontend", "filename": "stock_check_frontend/netlify.toml", "revision_history": [{"94": "c98d2793424ed603f5bc38d0ae47ba28bc27473a"}]}