{"is_source_file": false, "format": "", "description": "", "external_files": [], "external_methods": [], "published": [], "classes": [], "methods": [], "calls": [], "search-terms": [], "state": 2, "file_id": 3, "knowledge_revision": 27, "git_revision": "ae58afa593c23c75f95bd828b04ba1c46906e085", "hash": "dde66e1747b2fb3d31943491d125af95", "format-version": 4, "code-base-name": "stock_check_frontend", "filename": "stock_check_frontend/src/App.css", "revision_history": [{"27": "ae58afa593c23c75f95bd828b04ba1c46906e085"}]}