{"is_source_file": false, "format": "", "description": "", "external_files": [], "external_methods": [], "published": [], "classes": [], "methods": [], "calls": [], "search-terms": [], "state": 2, "file_id": 5, "knowledge_revision": 23, "git_revision": "ae58afa593c23c75f95bd828b04ba1c46906e085", "ctags": [], "hash": "1a77571e1a8cf36018a41bcedf60db75", "format-version": 4, "code-base-name": "stock_check_frontend", "filename": "stock_check_frontend/src/setupTests.js", "revision_history": [{"23": "ae58afa593c23c75f95bd828b04ba1c46906e085"}]}