{"is_source_file": true, "format": "JavaScript (React)", "description": "This file defines React components and hooks for managing toast notifications within a UI. It includes a ToastProvider component that provides toast context and rendering logic, as well as a custom hook useToasts to access toast functions.", "external_files": ["react"], "external_methods": ["React.createContext", "React.useCallback", "React.useContext", "React.useMemo", "React.useState"], "published": ["ToastProvider", "useToasts"], "classes": [], "methods": [{"name": "newToastId()", "description": "Generates a unique identifier for each toast using the current timestamp and a random string.", "scope": "", "scopeKind": ""}, {"name": "ToastProvider({ children })", "description": "A React component that provides toast notification context and manages active toasts. It renders toast messages and manages their lifecycle.", "scope": "", "scopeKind": ""}, {"name": "useToasts()", "description": "A custom React hook that provides access to the toast context, allowing components to push new toasts.", "scope": "", "scopeKind": ""}], "calls": ["React.createContext", "React.useCallback", "React.useContext", "React.useMemo", "React.useState", "setTimeout"], "search-terms": ["ToastProvider", "useToasts", "toast", "notification", "React context", "useCallback", "useContext"], "state": 2, "file_id": 16, "knowledge_revision": 42, "git_revision": "6def082fede59928bde2066d2a1cecd4074783ed", "ctags": [{"_type": "tag", "name": "ToastContext", "path": "/home/kavia/workspace/code-generation/inventory-tracker-239617-239632/stock_check_frontend/src/components/ui/Toasts.js", "pattern": "/^const ToastContext = createContext(null);$/", "language": "JavaScript", "kind": "constant"}, {"_type": "tag", "name": "ToastProvider", "path": "/home/kavia/workspace/code-generation/inventory-tracker-239617-239632/stock_check_frontend/src/components/ui/Toasts.js", "pattern": "/^export function ToastProvider({ children }) {$/", "language": "JavaScript", "kind": "function", "signature": "({ children })"}, {"_type": "tag", "name": "newToastId", "path": "/home/kavia/workspace/code-generation/inventory-tracker-239617-239632/stock_check_frontend/src/components/ui/Toasts.js", "pattern": "/^function newToastId() {$/", "language": "JavaScript", "kind": "function", "signature": "()"}, {"_type": "tag", "name": "useToasts", "path": "/home/kavia/workspace/code-generation/inventory-tracker-239617-239632/stock_check_frontend/src/components/ui/Toasts.js", "pattern": "/^export function useToasts() {$/", "language": "JavaScript", "kind": "function", "signature": "()"}, {"_type": "tag", "name": "value", "path": "/home/kavia/workspace/code-generation/inventory-tracker-239617-239632/stock_check_frontend/src/components/ui/Toasts.js", "pattern": "/^    <ToastContext.Provider value={value}>$/", "language": "JavaScript", "kind": "field", "scope": "Provider", "scopeKind": "class"}], "hash": "2b294113442918095807b32314285dc2", "format-version": 4, "code-base-name": "stock_check_frontend", "filename": "stock_check_frontend/src/components/ui/Toasts.js", "fields": [{"name": "<ToastContext.Provider value={value}>", "scope": "Provider", "scopeKind": "class", "description": "unavailable"}], "revision_history": [{"42": "6def082fede59928bde2066d2a1cecd4074783ed"}]}