{"is_source_file": true, "format": "JavaScript (React)", "description": "Source code for a React component named DiagnosticsPage, which performs various validation and testing functions on stock prediction results and project factors data.", "external_files": ["../utils/factors"], "external_methods": ["FACTORS_V12"], "published": ["DiagnosticsPage"], "classes": [], "methods": [{"name": "testResult(name, ok, details)", "description": "Creates a result object indicating the outcome of a test.", "scope": "", "scopeKind": ""}, {"name": "hasExactColumnOrder(row)", "description": "Checks if a data row has columns in the exact canonical order.", "scope": "", "scopeKind": ""}, {"name": "isSortedDescTop10(results)", "description": "Checks if the top 10 results are sorted descending by predicted 1-day % growth.", "scope": "", "scopeKind": ""}, {"name": "tradeLogic(lastRun)", "description": "Calculates whether to trade based on average and dispersion of top 10 predicted growths.", "scope": "", "scopeKind": ""}], "calls": ["useMemo", "testResult", "hasExactColumnOrder", "isSortedDescTop10", "tradeLogic", "Number", "slice", "map", "reduce", "Number.isFinite"], "search-terms": ["DiagnosticsPage", "React", "testResult", "canoncial columns", "validation suite", "stock prediction", "factor matrix", "lastRun", "trade logic"], "state": 2, "file_id": 31, "knowledge_revision": 69, "git_revision": "28426dcf383e033597d2bfc52662f5441012a463", "ctags": [{"_type": "tag", "name": "CANONICAL_COLUMNS", "path": "/home/kavia/workspace/code-generation/inventory-tracker-239617-239632/stock_check_frontend/src/pages/DiagnosticsPage.js", "pattern": "/^const CANONICAL_COLUMNS = [$/", "language": "JavaScript", "kind": "constant"}, {"_type": "tag", "name": "DiagnosticsPage", "path": "/home/kavia/workspace/code-generation/inventory-tracker-239617-239632/stock_check_frontend/src/pages/DiagnosticsPage.js", "pattern": "/^export function DiagnosticsPage({ lastRun }) {$/", "language": "JavaScript", "kind": "class", "signature": "({ lastRun })"}, {"_type": "tag", "name": "hasExactColumnOrder", "path": "/home/kavia/workspace/code-generation/inventory-tracker-239617-239632/stock_check_frontend/src/pages/DiagnosticsPage.js", "pattern": "/^function hasExactColumnOrder(row) {$/", "language": "JavaScript", "kind": "function", "signature": "(row)"}, {"_type": "tag", "name": "isSortedDescTop10", "path": "/home/kavia/workspace/code-generation/inventory-tracker-239617-239632/stock_check_frontend/src/pages/DiagnosticsPage.js", "pattern": "/^function isSortedDescTop10(results) {$/", "language": "JavaScript", "kind": "function", "signature": "(results)"}, {"_type": "tag", "name": "testResult", "path": "/home/kavia/workspace/code-generation/inventory-tracker-239617-239632/stock_check_frontend/src/pages/DiagnosticsPage.js", "pattern": "/^function testResult(name, ok, details) {$/", "language": "JavaScript", "kind": "function", "signature": "(name, ok, details)"}, {"_type": "tag", "name": "tradeLogic", "path": "/home/kavia/workspace/code-generation/inventory-tracker-239617-239632/stock_check_frontend/src/pages/DiagnosticsPage.js", "pattern": "/^function tradeLogic(lastRun) {$/", "language": "JavaScript", "kind": "function", "signature": "(lastRun)"}], "hash": "d8a77f7c007a25907ca96b3534b9d1e1", "format-version": 4, "code-base-name": "stock_check_frontend", "filename": "stock_check_frontend/src/pages/DiagnosticsPage.js", "revision_history": [{"69": "28426dcf383e033597d2bfc52662f5441012a463"}]}