{"is_source_file": true, "format": "JavaScript (React JSX)", "description": "This file defines a React component named OutputPage that renders a table displaying stock prediction results, including formatting functions for currency and percentage values, and handles presentation logic based on the lastRun prop.", "external_files": ["react"], "external_methods": ["React.useMemo"], "published": ["OutputPage"], "classes": [], "methods": [{"name": "money(n)", "description": "Formats a number as a currency string in USD.", "scope": "", "scopeKind": ""}, {"name": "pct(n)", "description": "Formats a number as a percentage string with three decimal places.", "scope": "", "scopeKind": ""}, {"name": "OutputPage({ lastRun })", "scope": "", "scopeKind": "", "description": "unavailable"}], "calls": ["React.useMemo"], "search-terms": ["OutputPage React component", "stock prediction results table", "currency formatting", "percentage formatting", "Results display", "lastRun prop"], "state": 2, "file_id": 29, "knowledge_revision": 67, "git_revision": "28426dcf383e033597d2bfc52662f5441012a463", "ctags": [{"_type": "tag", "name": "CANONICAL_COLUMNS", "path": "/home/kavia/workspace/code-generation/inventory-tracker-239617-239632/stock_check_frontend/src/pages/OutputPage.js", "pattern": "/^const CANONICAL_COLUMNS = [$/", "language": "JavaScript", "kind": "constant"}, {"_type": "tag", "name": "OutputPage", "path": "/home/kavia/workspace/code-generation/inventory-tracker-239617-239632/stock_check_frontend/src/pages/OutputPage.js", "pattern": "/^export function OutputPage({ lastRun }) {$/", "language": "JavaScript", "kind": "function", "signature": "({ lastRun })"}, {"_type": "tag", "name": "money", "path": "/home/kavia/workspace/code-generation/inventory-tracker-239617-239632/stock_check_frontend/src/pages/OutputPage.js", "pattern": "/^function money(n) {$/", "language": "JavaScript", "kind": "function", "signature": "(n)"}, {"_type": "tag", "name": "pct", "path": "/home/kavia/workspace/code-generation/inventory-tracker-239617-239632/stock_check_frontend/src/pages/OutputPage.js", "pattern": "/^function pct(n) {$/", "language": "JavaScript", "kind": "function", "signature": "(n)"}], "hash": "525cf88a7cf5ead6941a4158380a21e6", "format-version": 4, "code-base-name": "stock_check_frontend", "filename": "stock_check_frontend/src/pages/OutputPage.js", "revision_history": [{"67": "28426dcf383e033597d2bfc52662f5441012a463"}]}