{"is_source_file": true, "file_id": 37, "git_revision": "", "state": 1, "description": "", "external_files": [], "external_methods": [], "published": [], "classes": [], "methods": [], "calls": [], "search-terms": [], "ctags": [{"_type": "tag", "name": "AV_BASE", "path": "/home/kavia/workspace/code-generation/inventory-tracker-239617-239632/stock_check_frontend/netlify/functions/av-time-series-daily-adjusted.js", "pattern": "/^const AV_BASE = \"https:\\/\\/www.alphavantage.co\\/query\";$/", "language": "JavaScript", "kind": "constant"}, {"_type": "tag", "name": "CACHE", "path": "/home/kavia/workspace/code-generation/inventory-tracker-239617-239632/stock_check_frontend/netlify/functions/av-time-series-daily-adjusted.js", "pattern": "/^const CACHE = new Map();$/", "language": "JavaScript", "kind": "constant"}, {"_type": "tag", "name": "DEFAULT_TTL_SECONDS", "path": "/home/kavia/workspace/code-generation/inventory-tracker-239617-239632/stock_check_frontend/netlify/functions/av-time-series-daily-adjusted.js", "pattern": "/^const DEFAULT_TTL_SECONDS = 60; \\/\\/ keep short by default; overrideable via env$/", "language": "JavaScript", "kind": "constant"}, {"_type": "tag", "name": "access-control-allow-origin", "path": "/home/kavia/workspace/code-generation/inventory-tracker-239617-239632/stock_check_frontend/netlify/functions/av-time-series-daily-adjusted.js", "pattern": "/^      \"access-control-allow-origin\": \"*\",$/", "language": "JavaScript", "kind": "property", "scope": "handler.headers", "scopeKind": "class"}, {"_type": "tag", "name": "cacheKey", "path": "/home/kavia/workspace/code-generation/inventory-tracker-239617-239632/stock_check_frontend/netlify/functions/av-time-series-daily-adjusted.js", "pattern": "/^function cacheKey({ symbol, outputsize }) {$/", "language": "JavaScript", "kind": "function", "signature": "({ symbol, outputsize })"}, {"_type": "tag", "name": "content-type", "path": "/home/kavia/workspace/code-generation/inventory-tracker-239617-239632/stock_check_frontend/netlify/functions/av-time-series-daily-adjusted.js", "pattern": "/^      \"content-type\": upstream.contentType,$/", "language": "JavaScript", "kind": "property", "scope": "handler.headers", "scopeKind": "class"}, {"_type": "tag", "name": "fetchAlphaVantage", "path": "/home/kavia/workspace/code-generation/inventory-tracker-239617-239632/stock_check_frontend/netlify/functions/av-time-series-daily-adjusted.js", "pattern": "/^async function fetchAlphaVantage({ apiKey, symbol, outputsize }) {$/", "language": "JavaScript", "kind": "function", "signature": "({ apiKey, symbol, outputsize })"}, {"_type": "tag", "name": "getTtlSeconds", "path": "/home/kavia/workspace/code-generation/inventory-tracker-239617-239632/stock_check_frontend/netlify/functions/av-time-series-daily-adjusted.js", "pattern": "/^function getTtlSeconds(outputsize) {$/", "language": "JavaScript", "kind": "function", "signature": "(outputsize)"}, {"_type": "tag", "name": "handler", "path": "/home/kavia/workspace/code-generation/inventory-tracker-239617-239632/stock_check_frontend/netlify/functions/av-time-series-daily-adjusted.js", "pattern": "/^export async function handler(event) {$/", "language": "JavaScript", "kind": "function", "signature": "(event)"}, {"_type": "tag", "name": "headers", "path": "/home/kavia/workspace/code-generation/inventory-tracker-239617-239632/stock_check_frontend/netlify/functions/av-time-series-daily-adjusted.js", "pattern": "/^    const headers = {$/", "language": "JavaScript", "kind": "class", "scope": "handler", "scopeKind": "class"}, {"_type": "tag", "name": "jsonResponse", "path": "/home/kavia/workspace/code-generation/inventory-tracker-239617-239632/stock_check_frontend/netlify/functions/av-time-series-daily-adjusted.js", "pattern": "/^function jsonResponse(statusCode, obj, extraHeaders = {}) {$/", "language": "JavaScript", "kind": "function", "signature": "(statusCode, obj, extraHeaders = {})"}, {"_type": "tag", "name": "nowMs", "path": "/home/kavia/workspace/code-generation/inventory-tracker-239617-239632/stock_check_frontend/netlify/functions/av-time-series-daily-adjusted.js", "pattern": "/^function nowMs() {$/", "language": "JavaScript", "kind": "function", "signature": "()"}, {"_type": "tag", "name": "x-cache", "path": "/home/kavia/workspace/code-generation/inventory-tracker-239617-239632/stock_check_frontend/netlify/functions/av-time-series-daily-adjusted.js", "pattern": "/^      \"x-cache\": \"MISS\",$/", "language": "JavaScript", "kind": "property", "scope": "handler.headers", "scopeKind": "class"}, {"_type": "tag", "name": "x-cache-ttl", "path": "/home/kavia/workspace/code-generation/inventory-tracker-239617-239632/stock_check_frontend/netlify/functions/av-time-series-daily-adjusted.js", "pattern": "/^      \"x-cache-ttl\": String(ttlSeconds),$/", "language": "JavaScript", "kind": "property", "scope": "handler.headers", "scopeKind": "class"}], "format": "JavaScript", "hash": "b3b6d49465238debecf7f833e2de0261", "format-version": 4, "code-base-name": "stock_check_frontend", "filename": "stock_check_frontend/netlify/functions/av-time-series-daily-adjusted.js", "knowledge_revision": 90}