{"is_source_file": false, "format": null, "description": "", "external_files": [], "external_methods": [], "published": [], "classes": [], "methods": [], "calls": [], "search-terms": [], "state": 2, "file_id": 11, "knowledge_revision": 19, "git_revision": "ae58afa593c23c75f95bd828b04ba1c46906e085", "hash": "ebece526bc2eadd78ddd787a76c56607", "format-version": 4, "code-base-name": "stock_check_frontend", "filename": "stock_check_frontend/README.md", "revision_history": [{"19": "ae58afa593c23c75f95bd828b04ba1c46906e085"}]}