{"is_source_file": true, "format": "JavaScript (React JSX)", "description": "This file is the entry point for a React application, initializing the app by rendering the main <App /> component into the DOM.", "external_files": ["./App", "./index.css"], "external_methods": ["ReactDOM.createRoot", "ReactDOM.createRoot().render", "React.StrictMode"], "published": [], "classes": [], "methods": [{"name": "ReactDOM.createRoot", "description": "Creates a root for rendering React components into a DOM element."}, {"name": "root.render", "description": "Renders the React element into the created root."}], "calls": ["ReactDOM.createRoot", "root.render", "React.StrictMode", "<App />"], "search-terms": ["index.js", "React", "ReactDOM", "App", "entry point", "render"], "state": 3, "file_id": 7, "knowledge_revision": 25, "git_revision": "ae58afa593c23c75f95bd828b04ba1c46906e085", "ctags": [{"_type": "tag", "name": "root", "path": "/home/kavia/workspace/code-generation/inventory-tracker-239617-239632/stock_check_frontend/src/index.js", "pattern": "/^const root = ReactDOM.createRoot(document.getElementById('root'));$/", "language": "JavaScript", "kind": "constant"}], "hash": "9fc5841375336fc175b49f8767a11383", "format-version": 4, "code-base-name": "stock_check_frontend", "filename": "stock_check_frontend/src/index.js", "revision_history": [{"25": "ae58afa593c23c75f95bd828b04ba1c46906e085"}]}