{"is_source_file": false, "format": "", "description": "", "external_files": [], "external_methods": [], "published": [], "classes": [], "methods": [], "calls": [], "search-terms": [], "state": 2, "file_id": 3, "knowledge_revision": 59, "git_revision": "28426dcf383e033597d2bfc52662f5441012a463", "hash": "edb6004636e74960eaffee93a6c5cf80", "format-version": 4, "code-base-name": "stock_check_frontend", "filename": "stock_check_frontend/src/App.css", "revision_history": [{"59": "28426dcf383e033597d2bfc52662f5441012a463"}]}