{"is_source_file": true, "file_id": 34, "git_revision": "", "state": 1, "description": "", "external_files": [], "external_methods": [], "published": [], "classes": [], "methods": [], "calls": [], "search-terms": [], "ctags": [{"_type": "tag", "name": "createAppRouter", "path": "/home/kavia/workspace/code-generation/inventory-tracker-239617-239632/stock_check_frontend/src/router.js", "pattern": "/^export function createAppRouter() {$/", "language": "JavaScript", "kind": "function", "signature": "()"}], "format": "JavaScript", "hash": "f7bdad5d3697bb245bc737810f0d8618", "format-version": 4, "code-base-name": "stock_check_frontend", "filename": "stock_check_frontend/src/router.js", "knowledge_revision": 80}