{"is_source_file": true, "format": "JavaScript", "description": "This file defines a utility function for fetching live data in a frontend application. Currently, the function is a placeholder that throws an error indicating that live data mode is not configured, in accordance with BRD requirements. It is intended to be integrated with a backend data provider in the future.", "external_files": [], "external_methods": [], "published": ["fetchLiveUniverse"], "classes": [], "methods": [{"name": "fetchLiveUniverse()", "description": "An asynchronous function that attempts to fetch live universe data but currently throws an error indicating lack of configuration.", "scope": "", "scopeKind": ""}], "calls": [], "search-terms": ["liveData", "fetch", "frontend-only", "BRD v1.2", "API", "placeholder"], "state": 2, "file_id": 26, "knowledge_revision": 64, "git_revision": "28426dcf383e033597d2bfc52662f5441012a463", "ctags": [{"_type": "tag", "name": "fetchLiveUniverse", "path": "/home/kavia/workspace/code-generation/inventory-tracker-239617-239632/stock_check_frontend/src/utils/liveData.js", "pattern": "/^export async function fetchLiveUniverse() {$/", "language": "JavaScript", "kind": "function", "signature": "()"}], "hash": "8ccb8c7ad92e087eac0192962446f8d3", "format-version": 4, "code-base-name": "stock_check_frontend", "filename": "stock_check_frontend/src/utils/liveData.js", "revision_history": [{"64": "28426dcf383e033597d2bfc52662f5441012a463"}]}