{"is_source_file": false, "format": "", "description": "", "external_files": [], "external_methods": [], "published": [], "classes": [], "methods": [], "calls": [], "search-terms": [], "state": 2, "file_id": 11, "knowledge_revision": 93, "git_revision": "c98d2793424ed603f5bc38d0ae47ba28bc27473a", "hash": "79485d95b4be209b917f797a47dc0b65", "format-version": 4, "code-base-name": "stock_check_frontend", "filename": "stock_check_frontend/README.md", "revision_history": [{"93": "c98d2793424ed603f5bc38d0ae47ba28bc27473a"}]}