{"is_source_file": true, "format": "JavaScript (React)", "description": "React component for the RunnerPage, which manages configuration, displaying run results, and JSON output modal in a stock checking frontend application.", "external_files": ["../components/ui/Modal"], "external_methods": ["React.useState", "React.useMemo"], "published": ["RunnerPage"], "classes": [], "methods": [{"name": "Field({ label, children, hint })", "description": "Functional component rendering a labeled input field with optional hint.", "scope": "", "scopeKind": ""}, {"name": "stringifyJSON(obj)", "description": "Serializes an object into a pretty-printed JSON string.", "scope": "Field", "scopeKind": "function"}, {"name": "RunnerPage", "description": "Main component for configuring run parameters, executing the model, and displaying results and analysis."}, {"name": "ContractModalButton({ lastRun })", "description": "Component for viewing the last run's JSON output in a modal dialog.", "scope": "Field", "scopeKind": "function"}], "calls": ["Modal", "React.useState", "React.useMemo", "onConfigChange", "onRun"], "search-terms": ["RunnerPage", "Stock Check", "configIssues", "mock_seed", "mock_universe_size", "trade_header", "LastRun", "JSON Output", "Modal"], "state": 2, "file_id": 28, "knowledge_revision": 66, "git_revision": "28426dcf383e033597d2bfc52662f5441012a463", "ctags": [{"_type": "tag", "name": "ContractModalButton", "path": "/home/kavia/workspace/code-generation/inventory-tracker-239617-239632/stock_check_frontend/src/pages/RunnerPage.js", "pattern": "/^function ContractModalButton({ lastRun }) {$/", "language": "JavaScript", "kind": "function", "signature": "({ lastRun })", "scope": "Field", "scopeKind": "function"}, {"_type": "tag", "name": "Field", "path": "/home/kavia/workspace/code-generation/inventory-tracker-239617-239632/stock_check_frontend/src/pages/RunnerPage.js", "pattern": "/^function Field({ label, children, hint }) {$/", "language": "JavaScript", "kind": "function", "signature": "({ label, children, hint })"}, {"_type": "tag", "name": "mode", "path": "/home/kavia/workspace/code-generation/inventory-tracker-239617-239632/stock_check_frontend/src/pages/RunnerPage.js", "pattern": "/^              value={mode}$/", "language": "JavaScript", "kind": "field", "scope": "Field.value", "scopeKind": "class"}, {"_type": "tag", "name": "stringifyJSON", "path": "/home/kavia/workspace/code-generation/inventory-tracker-239617-239632/stock_check_frontend/src/pages/RunnerPage.js", "pattern": "/^function stringifyJSON(obj) {$/", "language": "JavaScript", "kind": "function", "signature": "(obj)", "scope": "Field", "scopeKind": "function"}], "hash": "86038f8a3a1379ee9da2c83e1c83a876", "format-version": 4, "code-base-name": "stock_check_frontend", "filename": "stock_check_frontend/src/pages/RunnerPage.js", "fields": [{"name": "value={mode}", "scope": "Field.value", "scopeKind": "class", "description": "unavailable"}], "revision_history": [{"66": "28426dcf383e033597d2bfc52662f5441012a463"}]}