{"is_source_file": true, "format": "JavaScript (React component)", "description": "This file defines a React functional component called FilterSidebar, which renders a sidebar UI for filtering inventory items based on search query, category, location, and stock status. It includes event handlers for changing filters and resetting them.", "external_files": ["react"], "external_methods": [], "published": ["FilterSidebar"], "classes": [], "methods": [{"name": "FilterSidebar({ filters, categories, locations, onChange, onReset })", "scope": "", "scopeKind": "", "description": "unavailable"}], "calls": ["React"], "search-terms": ["FilterSidebar", "inventory filters", "search & filter", "category", "location", "stock status", "reset filters", "inventory-tracker"], "state": 2, "file_id": 19, "knowledge_revision": 45, "git_revision": "6def082fede59928bde2066d2a1cecd4074783ed", "ctags": [{"_type": "tag", "name": "FilterSidebar", "path": "/home/kavia/workspace/code-generation/inventory-tracker-239617-239632/stock_check_frontend/src/components/sidebar/FilterSidebar.js", "pattern": "/^export function FilterSidebar({ filters, categories, locations, onChange, onReset }) {$/", "language": "JavaScript", "kind": "function", "signature": "({ filters, categories, locations, onChange, onReset })"}, {"_type": "tag", "name": "filters", "path": "/home/kavia/workspace/code-generation/inventory-tracker-239617-239632/stock_check_frontend/src/components/sidebar/FilterSidebar.js", "pattern": "/^            value={filters.category}$/", "language": "JavaScript", "kind": "field", "scope": "FilterSidebar.value", "scopeKind": "class"}, {"_type": "tag", "name": "filters", "path": "/home/kavia/workspace/code-generation/inventory-tracker-239617-239632/stock_check_frontend/src/components/sidebar/FilterSidebar.js", "pattern": "/^            value={filters.location}$/", "language": "JavaScript", "kind": "field", "scope": "FilterSidebar.value", "scopeKind": "class"}, {"_type": "tag", "name": "filters", "path": "/home/kavia/workspace/code-generation/inventory-tracker-239617-239632/stock_check_frontend/src/components/sidebar/FilterSidebar.js", "pattern": "/^            value={filters.query}$/", "language": "JavaScript", "kind": "field", "scope": "FilterSidebar.value", "scopeKind": "class"}, {"_type": "tag", "name": "filters", "path": "/home/kavia/workspace/code-generation/inventory-tracker-239617-239632/stock_check_frontend/src/components/sidebar/FilterSidebar.js", "pattern": "/^            value={filters.stock}$/", "language": "JavaScript", "kind": "field", "scope": "FilterSidebar.value", "scopeKind": "class"}], "hash": "b17ec89bc674f3e111fc3c3110cc6fc2", "format-version": 4, "code-base-name": "stock_check_frontend", "filename": "stock_check_frontend/src/components/sidebar/FilterSidebar.js", "fields": [{"name": "value={filters.category}", "scope": "FilterSidebar.value", "scopeKind": "class", "description": "unavailable"}, {"name": "value={filters.location}", "scope": "FilterSidebar.value", "scopeKind": "class", "description": "unavailable"}, {"name": "value={filters.query}", "scope": "FilterSidebar.value", "scopeKind": "class", "description": "unavailable"}, {"name": "value={filters.stock}", "scope": "FilterSidebar.value", "scopeKind": "class", "description": "unavailable"}], "revision_history": [{"45": "6def082fede59928bde2066d2a1cecd4074783ed"}]}