{"is_source_file": true, "format": "JavaScript (React JSX)", "description": "This is the main entry point for a React frontend application, responsible for rendering the root component within a router context.", "external_files": ["react", "react-dom/client", "react-router-dom", "./index.css", "./App"], "external_methods": ["ReactDOM.createRoot", "root.render"], "published": ["index.js"], "classes": [], "methods": [{"name": "ReactDOM.createRoot", "description": "Creates a React root for rendering the component tree."}, {"name": "root.render", "description": "Renders the React component tree into the DOM."}], "calls": ["ReactDOM.createRoot", "root.render", "<React.StrictMode>", "<BrowserRouter>", "<App />"], "search-terms": ["React", "ReactDOM", "index.js", "entry point", "React.StrictMode", "BrowserRouter", "App component"], "state": 2, "file_id": 7, "knowledge_revision": 77, "git_revision": "ae58afa593c23c75f95bd828b04ba1c46906e085", "revision_history": [{"25": "ae58afa593c23c75f95bd828b04ba1c46906e085"}, {"77": "ae58afa593c23c75f95bd828b04ba1c46906e085"}], "ctags": [{"_type": "tag", "name": "root", "path": "/home/kavia/workspace/code-generation/inventory-tracker-239617-239632/stock_check_frontend/src/index.js", "pattern": "/^const root = ReactDOM.createRoot(document.getElementById(\"root\"));$/", "language": "JavaScript", "kind": "constant"}], "hash": "cdf2a45db864983860baaaa16173e219", "format-version": 4, "code-base-name": "stock_check_frontend", "filename": "stock_check_frontend/src/index.js"}