{"is_source_file": true, "format": "JavaScript (React JSX)", "description": "Defines a React functional component 'DashboardPage' that renders a stock inventory dashboard with KPIs, alerts, inventory preview, and workflow guidance.", "external_files": ["../utils/inventory", "../components/inventory/InventoryTable"], "external_methods": ["buildAlerts", "computeKpis"], "published": ["DashboardPage"], "classes": [], "methods": [{"name": "DashboardPage({ items, onEdit, onDelete, onCreateNew })", "description": "React functional component rendering inventory dashboard with KPIs, alerts, inventory preview, and workflow info.", "scope": "", "scopeKind": ""}], "calls": ["computeKpis(items)", "buildAlerts(items).slice(0, 5)", "(items || []).slice(0, 6)", "kpis.inventoryValue.toLocaleString(undefined, { style: \"currency\", currency: \"USD\" })", "onCreateNew", "InventoryTable items={preview} onEdit={onEdit} onDelete={onDelete}"], "search-terms": ["DashboardPage", "React inventory dashboard", "KPIs", "alerts list", "inventory preview", "StockCheckFrontEnd", "buildAlerts", "computeKpis"], "state": 2, "file_id": 20, "knowledge_revision": 46, "git_revision": "6def082fede59928bde2066d2a1cecd4074783ed", "ctags": [{"_type": "tag", "name": "DashboardPage", "path": "/home/kavia/workspace/code-generation/inventory-tracker-239617-239632/stock_check_frontend/src/pages/DashboardPage.js", "pattern": "/^export function DashboardPage({ items, onEdit, onDelete, onCreateNew }) {$/", "language": "JavaScript", "kind": "function", "signature": "({ items, onEdit, onDelete, onCreateNew })"}], "hash": "29c11d7ddc29c2e581c5192cc682dbec", "format-version": 4, "code-base-name": "stock_check_frontend", "filename": "stock_check_frontend/src/pages/DashboardPage.js", "revision_history": [{"46": "6def082fede59928bde2066d2a1cecd4074783ed"}]}