{"is_source_file": true, "format": "JavaScript (React JSX)", "description": "This file defines a React component 'InventoryTable' for rendering an inventory list with actions. It includes utility functions for stock status badges and formatting currency, and exports the InventoryTable component.", "external_files": ["react"], "external_methods": [], "published": ["InventoryTable"], "classes": [], "methods": [{"name": "stockBadge(item)", "description": "Determines badge class and label based on stock quantity and reorder point.", "scope": "", "scopeKind": ""}, {"name": "money(n)", "description": "Formats a number as USD currency string.", "scope": "", "scopeKind": ""}, {"name": "InventoryTable({ items, onEdit, onDelete })", "scope": "", "scopeKind": "", "description": "unavailable"}], "calls": ["React", "Number", "toLocaleString"], "search-terms": ["InventoryTable", "stockBadge", "currency formatting", "React component", "inventory list"], "state": 2, "file_id": 18, "knowledge_revision": 44, "git_revision": "6def082fede59928bde2066d2a1cecd4074783ed", "ctags": [{"_type": "tag", "name": "InventoryTable", "path": "/home/kavia/workspace/code-generation/inventory-tracker-239617-239632/stock_check_frontend/src/components/inventory/InventoryTable.js", "pattern": "/^export function InventoryTable({ items, onEdit, onDelete }) {$/", "language": "JavaScript", "kind": "function", "signature": "({ items, onEdit, onDelete })"}, {"_type": "tag", "name": "money", "path": "/home/kavia/workspace/code-generation/inventory-tracker-239617-239632/stock_check_frontend/src/components/inventory/InventoryTable.js", "pattern": "/^function money(n) {$/", "language": "JavaScript", "kind": "function", "signature": "(n)"}, {"_type": "tag", "name": "stockBadge", "path": "/home/kavia/workspace/code-generation/inventory-tracker-239617-239632/stock_check_frontend/src/components/inventory/InventoryTable.js", "pattern": "/^function stockBadge(item) {$/", "language": "JavaScript", "kind": "function", "signature": "(item)"}], "hash": "6e68249d6179d71899551cf684f7a2c5", "format-version": 4, "code-base-name": "stock_check_frontend", "filename": "stock_check_frontend/src/components/inventory/InventoryTable.js", "revision_history": [{"44": "6def082fede59928bde2066d2a1cecd4074783ed"}]}