{"is_source_file": true, "format": "JavaScript", "description": "This file contains a stock model ranking engine implementing the BRD v1.2 logic. It computes predicted growth percentages for a universe of stocks, ranks them, appends a specific stock (INTC), and outputs structured results including a trade decision and sector warning.", "external_files": ["./factors", "./mockData", "./liveData"], "external_methods": ["computeNormalizedFactorsFromInputs", "scorePredictedGrowthPct", "generateMockUniverse", "fetchLiveUniverse"], "published": ["runModel"], "classes": [], "methods": [{"name": "isoNow()", "description": "Returns the current timestamp in ISO format.", "scope": "", "scopeKind": ""}, {"name": "mean(nums)", "description": "Calculates the arithmetic mean of an array of numbers.", "scope": "", "scopeKind": ""}, {"name": "stdev(nums)", "description": "Calculates the sample standard deviation of an array of numbers.", "scope": "", "scopeKind": ""}, {"name": "canonicalResultRow({ rank, ticker, company_name, sector, current_price, predicted_price, predicted_1d_growth_pct, trailing, })", "description": "Formats a stock prediction result into a consistent output row with fixed column order.", "scope": "", "scopeKind": ""}, {"name": "ensureIntcRow(universe)", "description": "Ensures the INTC stock data exists in universe; if missing, creates a mock row.", "scope": "", "scopeKind": ""}, {"name": "computePredictionRow(u)", "description": "Calculates predicted growth and price for a stock based on normalized factors.", "scope": "", "scopeKind": ""}, {"name": "sectorWarningForTop10(top10)", "description": "Analyzes top 10 stocks for sector concentration warning.", "scope": "", "scopeKind": ""}, {"name": "tradeHeader(top10)", "description": "Determines whether to trade based on top 10 growth predictions.", "scope": "", "scopeKind": ""}, {"name": "runModel({ config, current_date, prediction_date })", "description": "Main function that runs the stock ranking engine, fetches universe data, computes predictions, ranks, and outputs structured results along with a trade decision and warnings.", "scope": "", "scopeKind": ""}], "calls": ["computeNormalizedFactorsFromInputs", "scorePredictedGrowthPct", "generateMockUniverse", "fetchLiveUniverse"], "search-terms": ["stock ranking engine", "BRD v1.2", "predicted growth", "top 10 stocks", "INTE", "mock universe", "live data", "sector warning", "trade decision"], "state": 2, "file_id": 25, "knowledge_revision": 63, "git_revision": "28426dcf383e033597d2bfc52662f5441012a463", "ctags": [{"_type": "tag", "name": "canonicalResultRow", "path": "/home/kavia/workspace/code-generation/inventory-tracker-239617-239632/stock_check_frontend/src/utils/model.js", "pattern": "/^function canonicalResultRow({$/", "language": "JavaScript", "kind": "function", "signature": "({ rank, ticker, company_name, sector, current_price, predicted_price, predicted_1d_growth_pct, trailing, })"}, {"_type": "tag", "name": "computePredictionRow", "path": "/home/kavia/workspace/code-generation/inventory-tracker-239617-239632/stock_check_frontend/src/utils/model.js", "pattern": "/^function computePredictionRow(u) {$/", "language": "JavaScript", "kind": "function", "signature": "(u)"}, {"_type": "tag", "name": "ensureIntcRow", "path": "/home/kavia/workspace/code-generation/inventory-tracker-239617-239632/stock_check_frontend/src/utils/model.js", "pattern": "/^function ensureIntcRow(universe) {$/", "language": "JavaScript", "kind": "function", "signature": "(universe)"}, {"_type": "tag", "name": "isoNow", "path": "/home/kavia/workspace/code-generation/inventory-tracker-239617-239632/stock_check_frontend/src/utils/model.js", "pattern": "/^function isoNow() {$/", "language": "JavaScript", "kind": "function", "signature": "()"}, {"_type": "tag", "name": "mean", "path": "/home/kavia/workspace/code-generation/inventory-tracker-239617-239632/stock_check_frontend/src/utils/model.js", "pattern": "/^function mean(nums) {$/", "language": "JavaScript", "kind": "function", "signature": "(nums)"}, {"_type": "tag", "name": "runModel", "path": "/home/kavia/workspace/code-generation/inventory-tracker-239617-239632/stock_check_frontend/src/utils/model.js", "pattern": "/^export async function runModel({ config, current_date, prediction_date }) {$/", "language": "JavaScript", "kind": "function", "signature": "({ config, current_date, prediction_date })"}, {"_type": "tag", "name": "sectorWarningForTop10", "path": "/home/kavia/workspace/code-generation/inventory-tracker-239617-239632/stock_check_frontend/src/utils/model.js", "pattern": "/^function sectorWarningForTop10(top10) {$/", "language": "JavaScript", "kind": "function", "signature": "(top10)"}, {"_type": "tag", "name": "stdev", "path": "/home/kavia/workspace/code-generation/inventory-tracker-239617-239632/stock_check_frontend/src/utils/model.js", "pattern": "/^function stdev(nums) {$/", "language": "JavaScript", "kind": "function", "signature": "(nums)"}, {"_type": "tag", "name": "tradeHeader", "path": "/home/kavia/workspace/code-generation/inventory-tracker-239617-239632/stock_check_frontend/src/utils/model.js", "pattern": "/^function tradeHeader(top10) {$/", "language": "JavaScript", "kind": "function", "signature": "(top10)"}], "hash": "9bd36009207dd90ce036a2d32724b962", "format-version": 4, "code-base-name": "stock_check_frontend", "filename": "stock_check_frontend/src/utils/model.js", "revision_history": [{"63": "28426dcf383e033597d2bfc52662f5441012a463"}]}