{"is_source_file": true, "format": "JavaScript (React JSX)", "description": "This file initializes a React application, setting up the root element, creating a router with application-specific routes, and rendering the main React component wrapped in StrictMode.", "external_files": ["./router", "./index.css"], "external_methods": ["createAppRouter"], "published": [], "classes": [], "methods": [], "calls": ["ReactDOM.createRoot", "root.render", "React.StrictMode", "RouterProvider"], "search-terms": ["React", "RouterProvider", "createAppRouter", "ReactDOM", "index.js", "src", "frontend initialization"], "state": 2, "file_id": 7, "knowledge_revision": 81, "git_revision": "1f48bf24829996fb18653e40c4e481a682653da6", "revision_history": [{"25": "ae58afa593c23c75f95bd828b04ba1c46906e085"}, {"77": "ae58afa593c23c75f95bd828b04ba1c46906e085"}, {"81": "1f48bf24829996fb18653e40c4e481a682653da6"}], "ctags": [{"_type": "tag", "name": "root", "path": "/home/kavia/workspace/code-generation/inventory-tracker-239617-239632/stock_check_frontend/src/index.js", "pattern": "/^const root = ReactDOM.createRoot(document.getElementById(\"root\"));$/", "language": "JavaScript", "kind": "constant"}, {"_type": "tag", "name": "router", "path": "/home/kavia/workspace/code-generation/inventory-tracker-239617-239632/stock_check_frontend/src/index.js", "pattern": "/^const router = createAppRouter();$/", "language": "JavaScript", "kind": "constant"}], "hash": "8d5bcfde154bc06f77ff7b00d37abc61", "format-version": 4, "code-base-name": "stock_check_frontend", "filename": "stock_check_frontend/src/index.js"}