{"is_source_file": true, "format": "JavaScript", "description": "This file defines utility functions and constants for fetching, validating, and processing live stock data from Alpha Vantage API via a Netlify Functions proxy. It includes functions for handling API responses, error parsing, data validation, and fetching stock time series data, along with configuration and logging logic.", "external_files": ["/api", "fetch", "console"], "external_methods": ["fetch"], "published": ["fetchLiveUniverse"], "classes": [], "methods": ["validateLiveUniverseRows", "throwAlphaVantageError", "logLiveFetch", "fetchJson", "asNum", "yyyyMmDdToDate", "sortDatesDesc", "computeTrailingReturnPct", "fetchDailyAdjustedSeries", "buildNeutralFactorInputs", "missingLiveEnvVars", "liveNotConfiguredError", "fetchLiveUniverse"], "calls": ["fetch", "JSON.parse", "Number", "Number.isFinite", "String.prototype.split", "String.prototype.toLowerCase", "Object.prototype.hasOwnProperty", "Array.isArray", "console.info", "throw", "Number.prototype.toFixed", "Date.prototype.getTime", "Date.prototype.setMonth", "Date", "sortDatesDesc", "Math.max", "Math.min"], "search-terms": ["LIVE data adapter", "Alpha Vantage", "Netlify Functions proxy", "validateLiveUniverseRows", "computeTrailingReturnPct", "fetchDailyAdjustedSeries", "live_tickers", "REACT_APP_ALPHAVANTAGE_API_KEY", "fetchLiveUniverse"], "state": 2, "file_id": 26, "knowledge_revision": 91, "git_revision": "30822fa261bf96d4564d643623691effdc610374", "revision_history": [{"64": "28426dcf383e033597d2bfc52662f5441012a463"}, {"91": "30822fa261bf96d4564d643623691effdc610374"}], "ctags": [{"_type": "tag", "name": "API_BASE", "path": "/home/kavia/workspace/code-generation/inventory-tracker-239617-239632/stock_check_frontend/src/utils/liveData.js", "pattern": "/^const API_BASE = \"\\/api\";$/", "language": "JavaScript", "kind": "constant"}, {"_type": "tag", "name": "DEFAULT_LIVE_TICKERS", "path": "/home/kavia/workspace/code-generation/inventory-tracker-239617-239632/stock_check_frontend/src/utils/liveData.js", "pattern": "/^const DEFAULT_LIVE_TICKERS = [\"AAPL\", \"MSFT\", \"AMZN\", \"GOOGL\", \"META\", \"TSLA\", \"NVDA\", \"JPM\", \"U/", "language": "JavaScript", "kind": "constant"}, {"_type": "tag", "name": "REQUIRED_LIVE_ENV_VARS", "path": "/home/kavia/workspace/code-generation/inventory-tracker-239617-239632/stock_check_frontend/src/utils/liveData.js", "pattern": "/^const REQUIRED_LIVE_ENV_VARS = [\"REACT_APP_ALPHAVANTAGE_API_KEY\"];$/", "language": "JavaScript", "kind": "constant"}, {"_type": "tag", "name": "asNum", "path": "/home/kavia/workspace/code-generation/inventory-tracker-239617-239632/stock_check_frontend/src/utils/liveData.js", "pattern": "/^function asNum(x) {$/", "language": "JavaScript", "kind": "function", "signature": "(x)"}, {"_type": "tag", "name": "buildNeutralFactorInputs", "path": "/home/kavia/workspace/code-generation/inventory-tracker-239617-239632/stock_check_frontend/src/utils/liveData.js", "pattern": "/^function buildNeutralFactorInputs() {$/", "language": "JavaScript", "kind": "function", "signature": "()"}, {"_type": "tag", "name": "computeTrailingReturnPct", "path": "/home/kavia/workspace/code-generation/inventory-tracker-239617-239632/stock_check_frontend/src/utils/liveData.js", "pattern": "/^function computeTrailingReturnPct({ sortedDatesDesc, series, latestClose, months }) {$/", "language": "JavaScript", "kind": "function", "signature": "({ sortedDatesDesc, series, latestClose, months })"}, {"_type": "tag", "name": "fetchDailyAdjustedSeries", "path": "/home/kavia/workspace/code-generation/inventory-tracker-239617-239632/stock_check_frontend/src/utils/liveData.js", "pattern": "/^async function fetchDailyAdjustedSeries({ ticker, outputsize }) {$/", "language": "JavaScript", "kind": "function", "signature": "({ ticker, outputsize })"}, {"_type": "tag", "name": "fetchJson", "path": "/home/kavia/workspace/code-generation/inventory-tracker-239617-239632/stock_check_frontend/src/utils/liveData.js", "pattern": "/^async function fetchJson(url) {$/", "language": "JavaScript", "kind": "function", "signature": "(url)"}, {"_type": "tag", "name": "fetchLiveUniverse", "path": "/home/kavia/workspace/code-generation/inventory-tracker-239617-239632/stock_check_frontend/src/utils/liveData.js", "pattern": "/^export async function fetchLiveUniverse({ config } = {}) {$/", "language": "JavaScript", "kind": "function", "signature": "({ config } = {})"}, {"_type": "tag", "name": "liveNotConfiguredError", "path": "/home/kavia/workspace/code-generation/inventory-tracker-239617-239632/stock_check_frontend/src/utils/liveData.js", "pattern": "/^function liveNotConfiguredError(missingKeys) {$/", "language": "JavaScript", "kind": "function", "signature": "(missingKeys)"}, {"_type": "tag", "name": "logLiveFetch", "path": "/home/kavia/workspace/code-generation/inventory-tracker-239617-239632/stock_check_frontend/src/utils/liveData.js", "pattern": "/^function logLiveFetch({ source, ticker, at, detail }) {$/", "language": "JavaScript", "kind": "function", "signature": "({ source, ticker, at, detail })"}, {"_type": "tag", "name": "missingLiveEnvVars", "path": "/home/kavia/workspace/code-generation/inventory-tracker-239617-239632/stock_check_frontend/src/utils/liveData.js", "pattern": "/^function missingLiveEnvVars() {$/", "language": "JavaScript", "kind": "function", "signature": "()"}, {"_type": "tag", "name": "sortDatesDesc", "path": "/home/kavia/workspace/code-generation/inventory-tracker-239617-239632/stock_check_frontend/src/utils/liveData.js", "pattern": "/^function sortDatesDesc(keys) {$/", "language": "JavaScript", "kind": "function", "signature": "(keys)"}, {"_type": "tag", "name": "throwAlphaVantageError", "path": "/home/kavia/workspace/code-generation/inventory-tracker-239617-239632/stock_check_frontend/src/utils/liveData.js", "pattern": "/^function throwAlphaVantageError({ ticker, json }) {$/", "language": "JavaScript", "kind": "function", "signature": "({ ticker, json })"}, {"_type": "tag", "name": "validateLiveUniverseRows", "path": "/home/kavia/workspace/code-generation/inventory-tracker-239617-239632/stock_check_frontend/src/utils/liveData.js", "pattern": "/^function validateLiveUniverseRows(rows) {$/", "language": "JavaScript", "kind": "function", "signature": "(rows)"}, {"_type": "tag", "name": "yyyyMmDdToDate", "path": "/home/kavia/workspace/code-generation/inventory-tracker-239617-239632/stock_check_frontend/src/utils/liveData.js", "pattern": "/^function yyyyMmDdToDate(s) {$/", "language": "JavaScript", "kind": "function", "signature": "(s)"}], "hash": "c7da80df3d970900925074fec08fa6b1", "format-version": 4, "code-base-name": "stock_check_frontend", "filename": "stock_check_frontend/src/utils/liveData.js"}