{"is_source_file": true, "format": "JavaScript", "description": "This file contains a mock data generator for stock market data used in a stock check frontend project. It includes functions to generate deterministic fake stock tickers, prices, sector allocations, and various financial metrics, facilitating testing and development with realistic-looking data.", "external_files": [], "external_methods": [], "published": ["generateMockUniverse"], "classes": [], "methods": [{"name": "generateMockUniverse({ seed, universeSize })", "description": "Main exported function to generate a deterministic universe of mock stock data with specified seed and size.", "scope": "", "scopeKind": ""}, {"name": "bounded(rng, mean, std, lo, hi)", "scope": "", "scopeKind": "", "description": "unavailable"}, {"name": "clamp(n, lo, hi)", "scope": "", "scopeKind": "", "description": "unavailable"}, {"name": "companyNameFromTicker(t)", "scope": "", "scopeKind": "", "description": "unavailable"}, {"name": "makeLiquidity(rng)", "scope": "", "scopeKind": "", "description": "unavailable"}, {"name": "makeMacro(rng)", "scope": "", "scopeKind": "", "description": "unavailable"}, {"name": "makeOptionsFlow(rng)", "scope": "", "scopeKind": "", "description": "unavailable"}, {"name": "makePrice(rng)", "scope": "", "scopeKind": "", "description": "unavailable"}, {"name": "makeReturns(rng)", "scope": "", "scopeKind": "", "description": "unavailable"}, {"name": "makeTicker(i)", "scope": "", "scopeKind": "", "description": "unavailable"}, {"name": "makeVolatility(rng)", "scope": "", "scopeKind": "", "description": "unavailable"}, {"name": "mulberry32(seed)", "scope": "", "scopeKind": "", "description": "unavailable"}, {"name": "pick(rng, arr)", "scope": "", "scopeKind": "", "description": "unavailable"}, {"name": "rand()", "scope": "mulberry32", "scopeKind": "function", "description": "unavailable"}, {"name": "randnApprox(rng)", "scope": "", "scopeKind": "", "description": "unavailable"}], "calls": ["mulberry32", "pick", "clamp", "makeTicker", "companyNameFromTicker", "makeReturns", "makePrice", "makeLiquidity", "makeOptionsFlow", "makeVolatility", "makeMacro"], "search-terms": ["mock data generator", "deterministic stock universe", "stock tickers", "sector diversification", "financial metrics", "random seed"], "state": 2, "file_id": 23, "knowledge_revision": 61, "git_revision": "28426dcf383e033597d2bfc52662f5441012a463", "ctags": [{"_type": "tag", "name": "SECTORS", "path": "/home/kavia/workspace/code-generation/inventory-tracker-239617-239632/stock_check_frontend/src/utils/mockData.js", "pattern": "/^const SECTORS = [$/", "language": "JavaScript", "kind": "constant"}, {"_type": "tag", "name": "bounded", "path": "/home/kavia/workspace/code-generation/inventory-tracker-239617-239632/stock_check_frontend/src/utils/mockData.js", "pattern": "/^function bounded(rng, mean, std, lo, hi) {$/", "language": "JavaScript", "kind": "function", "signature": "(rng, mean, std, lo, hi)"}, {"_type": "tag", "name": "clamp", "path": "/home/kavia/workspace/code-generation/inventory-tracker-239617-239632/stock_check_frontend/src/utils/mockData.js", "pattern": "/^function clamp(n, lo, hi) {$/", "language": "JavaScript", "kind": "function", "signature": "(n, lo, hi)"}, {"_type": "tag", "name": "companyNameFromTicker", "path": "/home/kavia/workspace/code-generation/inventory-tracker-239617-239632/stock_check_frontend/src/utils/mockData.js", "pattern": "/^function companyNameFromTicker(t) {$/", "language": "JavaScript", "kind": "function", "signature": "(t)"}, {"_type": "tag", "name": "generateMockUniverse", "path": "/home/kavia/workspace/code-generation/inventory-tracker-239617-239632/stock_check_frontend/src/utils/mockData.js", "pattern": "/^export function generateMockUniverse({ seed, universeSize }) {$/", "language": "JavaScript", "kind": "function", "signature": "({ seed, universeSize })"}, {"_type": "tag", "name": "makeLiquidity", "path": "/home/kavia/workspace/code-generation/inventory-tracker-239617-239632/stock_check_frontend/src/utils/mockData.js", "pattern": "/^function makeLiquidity(rng) {$/", "language": "JavaScript", "kind": "function", "signature": "(rng)"}, {"_type": "tag", "name": "makeMacro", "path": "/home/kavia/workspace/code-generation/inventory-tracker-239617-239632/stock_check_frontend/src/utils/mockData.js", "pattern": "/^function makeMacro(rng) {$/", "language": "JavaScript", "kind": "function", "signature": "(rng)"}, {"_type": "tag", "name": "makeOptionsFlow", "path": "/home/kavia/workspace/code-generation/inventory-tracker-239617-239632/stock_check_frontend/src/utils/mockData.js", "pattern": "/^function makeOptionsFlow(rng) {$/", "language": "JavaScript", "kind": "function", "signature": "(rng)"}, {"_type": "tag", "name": "makePrice", "path": "/home/kavia/workspace/code-generation/inventory-tracker-239617-239632/stock_check_frontend/src/utils/mockData.js", "pattern": "/^function makePrice(rng) {$/", "language": "JavaScript", "kind": "function", "signature": "(rng)"}, {"_type": "tag", "name": "makeReturns", "path": "/home/kavia/workspace/code-generation/inventory-tracker-239617-239632/stock_check_frontend/src/utils/mockData.js", "pattern": "/^function makeReturns(rng) {$/", "language": "JavaScript", "kind": "function", "signature": "(rng)"}, {"_type": "tag", "name": "makeTicker", "path": "/home/kavia/workspace/code-generation/inventory-tracker-239617-239632/stock_check_frontend/src/utils/mockData.js", "pattern": "/^function makeTicker(i) {$/", "language": "JavaScript", "kind": "function", "signature": "(i)"}, {"_type": "tag", "name": "makeVolatility", "path": "/home/kavia/workspace/code-generation/inventory-tracker-239617-239632/stock_check_frontend/src/utils/mockData.js", "pattern": "/^function makeVolatility(rng) {$/", "language": "JavaScript", "kind": "function", "signature": "(rng)"}, {"_type": "tag", "name": "mulberry32", "path": "/home/kavia/workspace/code-generation/inventory-tracker-239617-239632/stock_check_frontend/src/utils/mockData.js", "pattern": "/^function mulberry32(seed) {$/", "language": "JavaScript", "kind": "function", "signature": "(seed)"}, {"_type": "tag", "name": "pick", "path": "/home/kavia/workspace/code-generation/inventory-tracker-239617-239632/stock_check_frontend/src/utils/mockData.js", "pattern": "/^function pick(rng, arr) {$/", "language": "JavaScript", "kind": "function", "signature": "(rng, arr)"}, {"_type": "tag", "name": "rand", "path": "/home/kavia/workspace/code-generation/inventory-tracker-239617-239632/stock_check_frontend/src/utils/mockData.js", "pattern": "/^  return function rand() {$/", "language": "JavaScript", "kind": "function", "signature": "()", "scope": "mulberry32", "scopeKind": "function"}, {"_type": "tag", "name": "randnApprox", "path": "/home/kavia/workspace/code-generation/inventory-tracker-239617-239632/stock_check_frontend/src/utils/mockData.js", "pattern": "/^function randnApprox(rng) {$/", "language": "JavaScript", "kind": "function", "signature": "(rng)"}], "hash": "6192d5d98678f0dd74972914c87f11d7", "format-version": 4, "code-base-name": "stock_check_frontend", "filename": "stock_check_frontend/src/utils/mockData.js", "revision_history": [{"61": "28426dcf383e033597d2bfc52662f5441012a463"}]}