{"is_source_file": true, "format": "JavaScript (React JSX)", "description": "This is a React functional component defining a simple application with theme toggling functionality. It manages theme state, updates document attributes accordingly, and renders a button to toggle themes along with some static content.", "external_files": ["./logo.svg", "./App.css"], "external_methods": ["React.useState", "React.useEffect"], "published": ["App"], "classes": [], "methods": [{"name": "App()", "description": "Defines a React functional component that manages theme state and renders UI elements including a theme toggle button.", "scope": "", "scopeKind": ""}, {"name": "toggleTheme", "description": "Function that toggles theme state between 'light' and 'dark'."}], "calls": ["document.documentElement.setAttribute", "setTheme", "prevTheme => prevTheme === 'light' ? 'dark' : 'light'", "useEffect", "useState"], "search-terms": ["React functional component", "theme toggle", "useState", "useEffect", "App.js", "theme management", "React hooks", "button toggle theme"], "state": 2, "file_id": 4, "knowledge_revision": 20, "git_revision": "ae58afa593c23c75f95bd828b04ba1c46906e085", "ctags": [{"_type": "tag", "name": "App", "path": "/home/kavia/workspace/code-generation/inventory-tracker-239617-239632/stock_check_frontend/src/App.js", "pattern": "/^function App() {$/", "language": "JavaScript", "kind": "function", "signature": "()"}, {"_type": "tag", "name": "Switch to ${theme === 'light' ? 'dark' : 'light'} mode", "path": "/home/kavia/workspace/code-generation/inventory-tracker-239617-239632/stock_check_frontend/src/App.js", "pattern": "/^          aria-label={`Switch to ${theme === 'light' ? 'dark' : 'light'} mode`}$/", "language": "JavaScript", "kind": "field", "scope": "App.aria", "scopeKind": "class"}, {"_type": "tag", "name": "toggleTheme", "path": "/home/kavia/workspace/code-generation/inventory-tracker-239617-239632/stock_check_frontend/src/App.js", "pattern": "/^          onClick={toggleTheme}$/", "language": "JavaScript", "kind": "field", "scope": "App.onClick", "scopeKind": "class"}], "hash": "b55dd9e6a018e59207d8e277dffd9e11", "format-version": 4, "code-base-name": "stock_check_frontend", "filename": "stock_check_frontend/src/App.js", "fields": [{"name": "aria-label={`Switch to ${theme === 'light' ? 'dark' : 'light'} mode`}", "scope": "App.aria", "scopeKind": "class", "description": "unavailable"}, {"name": "onClick={toggleTheme}", "scope": "App.onClick", "scopeKind": "class", "description": "unavailable"}], "revision_history": [{"20": "ae58afa593c23c75f95bd828b04ba1c46906e085"}]}